miete,miete_delta,groesse,days_to_freiab,days_to_rent,polarity_de,popular_area,new_user,möbliert,unmöbliert,bitte,leider,Skype,besichtigung,xx,:\),scam
440.0,-30.3528399311532,10.0,11,213,0.1346153846153846,1,0,1,0,0,0,0,0,0,0,0.0
420.0,-16.08648648648648,19.0,11,731,0.7,0,0,0,0,0,0,0,0,0,0,0.0
420.0,-50.3528399311532,22.0,11,365,0.29230769230769227,1,0,1,0,0,0,0,0,0,0,0.0
500.0,29.6471600688468,16.0,11,182,0.034999999999999996,1,0,1,0,0,0,0,0,0,0,0.0
500.0,63.91351351351352,13.0,10,732,0.07777777777777778,0,0,1,0,0,0,0,0,0,0,0.0
600.0,129.6471600688468,19.0,1,558,0.24074074074074073,1,0,0,0,1,0,0,0,0,0,0.0
500.0,29.6471600688468,22.0,11,122,0.4,1,0,1,0,0,0,0,0,0,0,0.0
450.0,-20.3528399311532,12.0,25,214,0.38846153846153847,1,0,1,0,0,0,0,0,0,0,0.0
500.0,29.6471600688468,17.0,81,264,0.27847222222222223,1,0,1,0,0,1,0,0,0,0,0.0
470.0,33.91351351351352,17.0,11,700,0.45000000000000007,0,0,0,0,1,0,0,1,0,0,0.0
450.0,-20.3528399311532,20.0,11,213,0.39444444444444443,1,0,0,0,0,0,0,0,0,0,0.0
300.0,-170.3528399311532,28.0,11,92,0.0,1,0,0,0,0,0,0,0,0,0,0.0
550.0,79.6471600688468,16.0,11,731,0.22638888888888886,1,0,0,0,0,0,0,0,0,1,0.0
420.0,-16.08648648648648,13.0,41,701,0.25919540229885063,0,0,0,0,0,0,0,0,0,0,0.0
340.0,-96.08648648648648,11.0,7,126,0.5549999999999999,0,0,1,0,0,0,0,0,0,0,0.0
420.0,-50.3528399311532,18.0,1,101,0.4722222222222222,1,0,1,0,0,0,0,0,0,0,0.0
590.0,153.91351351351352,17.0,11,245,0.27999999999999997,0,0,0,0,0,0,0,0,0,0,0.0
495.0,24.6471600688468,23.0,12,91,0.19399999999999998,1,0,0,0,0,1,0,0,0,1,0.0
750.0,279.6471600688468,16.0,41,701,0.11916666666666664,1,0,1,0,1,0,0,0,0,0,0.0
495.0,24.6471600688468,20.0,11,731,0.35294117647058826,1,0,1,1,1,0,0,0,0,0,0.0
308.0,-162.3528399311532,13.0,103,639,0.0,1,0,1,1,0,0,0,0,0,0,0.0
300.0,-136.08648648648648,18.0,41,701,0.21666666666666665,0,0,0,0,0,1,0,0,0,0,0.0
480.0,43.91351351351352,18.0,4,738,0.20999999999999996,0,0,0,0,0,1,0,0,0,0,0.0
300.0,-136.08648648648648,15.0,11,122,0.4642857142857143,0,0,0,0,0,0,0,0,0,0,0.0
400.0,-36.08648648648648,15.0,1,741,0.4678571428571429,0,0,1,0,0,0,0,0,0,0,0.0
400.0,-36.08648648648648,15.0,1,741,0.0,0,0,0,0,0,0,0,0,0,0,0.0
500.0,29.6471600688468,20.0,10,732,0.1025,1,0,0,0,0,0,0,0,0,1,0.0
335.0,-101.08648648648648,18.0,41,701,0.6199999999999999,0,0,1,1,0,0,0,0,0,0,0.0
400.0,-70.3528399311532,25.0,10,213,0.5,1,0,0,0,0,0,0,0,0,0,0.0
385.0,-85.3528399311532,23.0,10,731,0.3676470588235293,1,1,0,0,1,1,0,0,0,0,1.0
550.0,79.6471600688468,23.0,10,731,0.17142857142857143,1,0,0,0,0,0,0,0,0,0,0.0
290.0,-146.08648648648648,8.0,10,731,0.33333333333333326,0,0,0,0,1,0,0,0,0,0,0.0
406.0,-30.08648648648648,14.0,38,703,0.14285714285714285,0,0,0,0,0,0,0,0,0,0,0.0
350.0,-86.08648648648648,20.0,40,91,0.0,0,0,0,0,0,0,0,0,0,1,0.0
490.0,53.91351351351352,22.0,10,731,0.34615384615384615,0,1,0,0,0,0,0,0,0,0,0.0
450.0,13.913513513513522,12.0,2,739,0.11739130434782609,0,0,1,0,1,1,0,0,0,0,0.0
480.0,9.647160068846802,24.0,10,213,0.425,1,0,1,0,0,0,0,0,0,0,0.0
430.0,-40.3528399311532,15.0,10,731,0.0,1,0,0,0,0,0,0,0,0,1,0.0
444.0,7.9135135135135215,18.0,2,743,0.35555555555555557,0,0,0,0,0,0,0,0,0,0,0.0
500.0,63.91351351351352,20.0,10,731,0.0,0,0,0,0,0,0,0,0,0,0,0.0
515.0,44.6471600688468,22.0,40,701,0.42619047619047623,1,0,1,1,0,0,0,0,0,0,0.0
600.0,163.91351351351352,15.0,10,731,0.2846153846153846,0,0,0,0,0,1,0,0,0,0,0.0
475.0,4.6471600688468016,30.0,10,122,0.3136363636363636,1,0,0,0,1,0,0,0,0,1,0.0
480.0,9.647160068846802,11.0,1,191,0.1794871794871795,1,0,0,0,1,1,0,0,0,0,0.0
400.0,-70.3528399311532,20.0,3,738,0.24375000000000002,1,1,0,0,0,1,0,0,0,0,1.0
679.0,242.91351351351352,47.0,1,740,0.3125,0,0,0,0,0,0,0,0,0,0,0.0
500.0,29.6471600688468,16.0,40,245,0.1722222222222222,1,0,0,0,0,0,0,0,0,0,0.0
434.0,-36.3528399311532,20.0,10,731,0.1617816091954023,1,0,0,0,0,0,1,0,0,0,0.0
1500.0,1063.9135135135134,20.0,21,365,0.3,0,0,1,0,0,0,0,0,0,0,0.0
500.0,29.6471600688468,19.0,10,731,0.31,1,1,1,0,1,0,0,0,0,0,0.0
449.0,-21.3528399311532,20.0,8,733,0.6675,1,0,0,0,1,1,0,0,0,0,0.0
400.0,-70.3528399311532,21.0,10,183,0.34545454545454546,1,1,0,0,0,1,0,0,0,1,1.0
490.0,19.6471600688468,28.0,132,151,0.20500000000000002,1,0,0,0,1,0,0,0,0,0,0.0
541.0,70.6471600688468,23.0,40,701,0.23600000000000002,1,1,1,1,1,0,0,0,0,0,0.0
352.0,-84.08648648648648,17.0,10,731,0.6799999999999999,0,0,0,0,0,0,0,0,0,0,0.0
360.0,-76.08648648648648,15.0,10,152,0.06363636363636363,0,0,0,0,0,0,0,0,0,0,0.0
553.0,82.6471600688468,20.0,10,395,0.0,1,0,0,0,0,0,0,0,0,0,0.0
490.0,19.6471600688468,22.0,10,731,0.0,1,1,0,0,0,0,0,0,0,0,0.0
330.0,-106.08648648648648,14.0,12,301,0.33166666666666667,0,0,0,0,0,1,0,0,0,0,0.0
350.0,-120.3528399311532,20.0,33,708,0.425,1,1,1,0,0,0,0,0,0,0,1.0
430.0,-40.3528399311532,12.0,0,741,0.30000000000000004,1,0,1,0,1,0,0,0,0,0,0.0
400.0,-36.08648648648648,20.0,0,132,0.175,0,0,1,0,0,0,0,0,0,0,0.0
500.0,29.6471600688468,20.0,10,183,0.6666666666666666,1,0,0,0,0,0,0,0,0,0,0.0
500.0,63.91351351351352,40.0,2,743,0.10625,0,0,1,0,0,0,0,0,0,0,0.0
445.0,-25.3528399311532,20.0,40,701,0.425,1,0,0,0,0,0,0,0,0,0,0.0
490.0,53.91351351351352,26.0,75,390,0.41333333333333333,0,0,0,0,0,0,0,0,0,0,0.0
390.0,-46.08648648648648,14.0,24,717,0.1947916666666667,0,0,0,0,0,1,0,0,0,0,0.0
350.0,-86.08648648648648,24.0,10,731,0.7749999999999999,0,0,0,0,0,0,0,0,0,0,0.0
350.0,-86.08648648648648,12.0,1,740,0.08947368421052632,0,0,0,0,0,0,0,0,0,0,0.0
350.0,-86.08648648648648,17.0,3,126,0.14666666666666664,0,0,0,0,1,0,0,0,0,0,0.0
600.0,129.6471600688468,25.0,63,148,0.10769230769230768,1,0,0,0,0,0,0,0,0,0,0.0
410.0,-26.08648648648648,21.0,10,213,0.42800000000000005,0,0,0,0,1,0,0,0,0,1,0.0
450.0,-20.3528399311532,12.0,10,547,0.8333333333333333,1,0,1,0,0,0,0,0,0,0,0.0
449.0,12.913513513513522,10.0,10,731,0.07368421052631578,0,0,0,0,0,0,0,0,0,0,0.0
340.0,-96.08648648648648,11.0,6,125,0.5549999999999999,0,0,1,0,0,0,0,0,0,0,0.0
250.0,-186.08648648648648,18.0,40,701,0.175,0,0,0,0,0,0,0,0,0,0,0.0
535.0,98.91351351351352,17.0,10,272,0.30000000000000004,0,0,1,0,0,0,0,0,0,0,0.0
830.0,393.9135135135135,23.0,1,365,0.38,0,0,1,0,0,0,0,0,0,0,0.0
540.0,69.6471600688468,38.0,2,221,0.3611111111111111,1,0,1,0,1,0,0,0,0,0,0.0
440.0,3.9135135135135215,19.0,102,639,0.6794871794871794,0,0,1,1,1,1,0,0,0,1,0.0
400.0,-36.08648648648648,15.0,10,731,0.19615384615384615,0,0,0,0,0,0,0,0,0,0,0.0
350.0,-86.08648648648648,21.0,10,731,0.4666666666666666,0,1,0,0,0,0,0,0,0,0,0.0
560.0,89.6471600688468,14.0,40,273,0.5166666666666666,1,0,0,0,0,0,0,0,0,0,0.0
610.0,139.6471600688468,17.0,102,364,0.82,1,0,0,0,0,0,0,0,0,0,0.0
570.0,99.6471600688468,11.0,71,303,0.5083333333333333,1,0,0,0,0,1,0,0,0,0,0.0
520.0,49.6471600688468,8.0,75,268,0.3583333333333333,1,0,0,0,0,1,0,0,0,0,0.0
440.0,-30.3528399311532,12.0,12,729,0.85,1,0,0,0,0,0,0,0,0,0,0.0
560.0,89.6471600688468,11.0,132,334,0.35,1,0,0,0,0,0,0,0,0,0,0.0
420.0,-50.3528399311532,18.0,0,131,0.3466666666666667,1,0,1,0,0,1,0,0,0,0,0.0
390.0,-80.3528399311532,18.0,29,712,0.2670731707317073,1,0,1,0,0,0,0,0,0,0,0.0
240.0,-196.08648648648648,16.0,8,823,0.39615384615384613,0,0,0,0,0,0,0,0,0,1,0.0
430.0,-40.3528399311532,23.0,102,211,0.7749999999999999,1,0,0,0,0,1,0,0,0,1,0.0
430.0,-6.0864864864864785,14.0,0,741,0.16315789473684209,0,0,1,0,0,0,0,0,0,0,0.0
420.0,-16.08648648648648,10.0,3,738,0.3635294117647059,0,0,1,1,1,0,0,0,0,0,0.0
400.0,-36.08648648648648,20.0,10,92,0.25769230769230766,0,0,0,0,0,0,0,0,0,0,0.0
485.0,48.91351351351352,13.0,7,748,0.13461538461538458,0,1,1,1,0,0,0,0,0,0,0.0
250.0,-186.08648648648648,20.0,9,732,0.5083333333333333,0,0,0,0,0,0,0,0,0,0,0.0
450.0,-20.3528399311532,16.0,54,687,0.4839285714285714,1,0,0,0,0,1,0,0,0,1,0.0
395.0,-41.08648648648648,14.0,71,670,0.44000000000000006,0,0,1,0,0,1,0,0,0,0,0.0
500.0,29.6471600688468,18.0,10,731,0.26249999999999996,1,0,0,0,0,0,0,0,0,0,0.0
395.0,-75.3528399311532,22.0,71,183,0.515,1,0,1,0,0,0,0,0,0,0,0.0
379.0,-91.3528399311532,20.0,40,183,0.3095238095238095,1,0,1,0,0,0,0,0,0,0,0.0
395.0,-75.3528399311532,29.0,71,183,0.7866666666666666,1,0,1,0,0,0,0,0,0,0,0.0
359.0,-111.3528399311532,28.0,71,183,0.3095238095238095,1,0,1,0,0,0,0,0,0,0,0.0
575.0,104.6471600688468,28.0,71,91,0.1,1,0,1,0,0,0,0,0,0,0,0.0
390.0,-80.3528399311532,17.0,10,731,0.0,1,0,0,0,0,0,0,0,0,0,0.0
580.0,143.91351351351352,20.0,35,706,0.23333333333333328,0,1,1,0,0,0,0,0,0,0,0.0
350.0,-120.3528399311532,20.0,3,738,0.0,1,0,0,0,0,0,0,0,0,0,0.0
390.0,-46.08648648648648,12.0,40,701,0.3499999999999999,0,0,1,0,0,1,0,0,0,0,0.0
400.0,-70.3528399311532,31.0,10,518,-0.07777777777777778,1,0,0,0,0,0,0,0,0,1,0.0
420.0,-50.3528399311532,25.0,20,92,0.3416666666666666,1,1,0,0,0,0,0,0,0,1,0.0
445.0,-25.3528399311532,18.0,10,731,0.6071428571428571,1,1,0,0,0,0,0,0,0,0,0.0
360.0,-110.3528399311532,13.0,10,731,0.41111111111111115,1,0,0,0,1,0,0,0,0,0,0.0
550.0,79.6471600688468,18.0,11,92,0.125,1,0,0,0,0,0,0,0,0,0,0.0
450.0,-20.3528399311532,14.0,11,731,0.6111111111111112,1,0,0,0,0,0,0,0,0,0,0.0
450.0,13.913513513513522,16.0,11,731,0.35000000000000003,0,0,1,0,0,1,0,0,0,0,0.0
480.0,9.647160068846802,17.0,11,152,0.0,1,1,0,0,0,0,0,0,0,1,0.0
500.0,29.6471600688468,22.0,25,717,0.1107142857142857,1,0,0,0,0,0,0,0,0,0,0.0
255.0,-215.3528399311532,10.0,25,717,0.14814814814814814,1,0,0,0,0,0,0,0,0,0,0.0
400.0,-36.08648648648648,20.0,3,739,0.08571428571428572,0,0,0,0,1,0,0,0,0,0,0.0
450.0,-20.3528399311532,17.0,11,731,0.3076923076923077,1,0,1,1,0,0,0,0,0,0,0.0
416.0,-54.3528399311532,23.0,41,701,0.29907407407407405,1,0,0,0,1,0,0,0,0,0,0.0
550.0,113.91351351351352,16.0,11,731,0.16,0,0,0,0,0,0,0,0,0,0,0.0
510.0,39.6471600688468,25.0,41,701,0.3444444444444444,1,0,1,1,0,0,0,0,0,0,0.0
625.0,188.91351351351352,26.0,11,731,0.306,0,1,0,0,0,0,0,0,0,0,0.0
440.0,-30.3528399311532,18.0,11,731,0.17878787878787872,1,1,0,0,0,0,0,0,0,0,0.0
350.0,-86.08648648648648,14.0,11,731,0.2714285714285714,0,0,1,0,0,0,0,0,0,0,0.0
425.0,-45.3528399311532,14.0,11,731,-0.04583333333333333,1,0,0,0,0,0,0,0,0,1,0.0
390.0,-80.3528399311532,22.0,11,731,0.35833333333333334,1,0,1,0,1,0,0,0,0,0,0.0
750.0,279.6471600688468,16.0,11,731,0.6006944444444444,1,0,0,0,0,0,0,0,0,0,0.0
350.0,-86.08648648648648,16.0,41,701,0.3933333333333333,0,0,0,0,0,0,0,0,0,0,0.0
320.0,-150.3528399311532,13.0,19,113,0.09999999999999998,1,0,0,0,1,1,1,0,0,0,0.0
397.0,-39.08648648648648,23.0,11,731,0.3058823529411765,0,0,0,0,0,0,0,0,0,1,0.0
460.0,23.91351351351352,19.0,103,152,0.35,0,1,1,0,0,0,0,0,0,0,0.0
500.0,63.91351351351352,17.0,81,264,0.27847222222222223,0,1,1,0,0,1,0,0,0,0,0.0
490.0,19.6471600688468,15.0,11,182,0.11666666666666664,1,0,1,0,0,0,0,0,0,0,0.0
480.0,9.647160068846802,20.0,11,121,0.27999999999999997,1,0,1,0,0,0,0,0,0,0,0.0
900.0,463.9135135135135,40.0,41,364,0.3777777777777778,0,0,0,0,0,1,0,0,0,0,0.0
400.0,-36.08648648648648,20.0,11,731,0.4,0,0,0,0,0,0,0,0,0,0,0.0
475.0,4.6471600688468016,18.0,11,92,0.395,1,0,0,0,1,1,0,0,0,1,0.0
480.0,9.647160068846802,23.0,1,92,0.3444444444444444,1,0,0,0,1,0,0,0,0,0,0.0
400.0,-70.3528399311532,14.0,1,92,0.3,1,0,0,0,1,0,0,0,0,0,0.0
650.0,179.6471600688468,20.0,25,717,0.2333333333333333,1,1,0,0,0,0,0,0,0,0,0.0
350.0,-86.08648648648648,20.0,41,701,0.275,0,0,0,0,1,0,0,0,0,0,0.0
680.0,209.6471600688468,25.0,11,91,0.24722222222222223,1,0,1,0,1,0,0,0,0,1,0.0
565.0,94.6471600688468,20.0,2,744,0.4916666666666667,1,0,1,0,0,0,0,0,0,0,0.0
480.0,9.647160068846802,18.0,2,744,0.375,1,0,1,0,0,0,0,0,0,0,0.0
475.0,38.91351351351352,25.0,1,743,0.31590909090909086,0,0,0,0,0,1,0,0,0,0,0.0
695.0,224.6471600688468,32.0,21,721,0.13333333333333333,1,0,1,0,0,1,0,0,0,0,0.0
335.0,-135.3528399311532,11.0,1,743,0.4587837837837837,1,0,0,0,1,1,0,0,0,0,0.0
500.0,29.6471600688468,28.0,41,182,0.34545454545454546,1,0,1,0,0,0,0,0,0,0,0.0
400.0,-36.08648648648648,14.0,11,152,0.11666666666666665,0,0,1,0,0,0,0,0,0,0,0.0
305.0,-165.3528399311532,15.0,30,712,0.5947916666666666,1,1,1,0,1,1,0,0,0,0,0.0
600.0,129.6471600688468,28.0,11,92,0.39117647058823524,1,0,1,0,0,0,0,0,0,1,0.0
289.0,-147.08648648648648,13.0,11,731,0.19814814814814813,0,0,1,0,1,0,0,0,0,1,0.0
455.0,18.91351351351352,16.0,15,757,0.18000000000000002,0,0,0,0,0,0,0,0,0,0,0.0
590.0,119.6471600688468,30.0,11,731,0.39285714285714285,1,1,1,0,0,0,0,0,0,0,0.0
550.0,79.6471600688468,20.0,11,731,0.39285714285714285,1,1,1,0,0,0,0,0,0,0,0.0
570.0,99.6471600688468,25.0,41,701,0.325,1,0,0,0,1,0,0,0,0,0,0.0
590.0,119.6471600688468,25.0,11,731,0.39285714285714285,1,1,1,0,0,0,0,0,0,0,0.0
530.0,93.91351351351352,15.0,11,731,0.575,0,0,1,0,0,0,0,0,0,0,0.0
500.0,29.6471600688468,13.0,11,213,0.25,1,0,1,0,0,1,0,0,0,0,0.0
550.0,79.6471600688468,14.0,11,183,0.3272727272727272,1,0,1,0,1,0,0,0,0,1,0.0
600.0,163.91351351351352,20.0,72,167,0.5249999999999999,0,0,0,0,0,1,0,0,0,1,0.0
390.0,-46.08648648648648,13.0,1,741,0.22318840579710147,0,0,1,0,0,1,0,0,0,0,0.0
400.0,-70.3528399311532,20.0,9,185,0.3447368421052632,1,0,0,0,0,0,0,0,0,0,0.0
440.0,-30.3528399311532,24.0,11,91,0.19444444444444442,1,0,0,0,0,0,0,0,0,0,0.0
400.0,-70.3528399311532,23.0,41,701,0.13124999999999998,1,0,1,0,0,0,0,0,0,0,0.0
390.0,-80.3528399311532,15.0,9,731,0.38375000000000004,1,0,0,0,1,0,0,0,0,1,0.0
490.0,53.91351351351352,21.0,39,701,0.38999999999999996,0,0,0,0,0,1,0,0,0,1,0.0
430.0,-40.3528399311532,28.0,40,394,0.15454545454545454,1,0,0,0,0,0,0,0,0,0,0.0
650.0,213.91351351351352,14.0,9,731,0.6166666666666667,0,1,0,0,0,0,0,0,0,1,0.0
850.0,413.9135135135135,25.0,39,701,0.13999999999999999,0,0,0,0,0,0,0,0,0,1,0.0
325.0,-111.08648648648648,20.0,9,731,-0.03888888888888889,0,0,0,0,0,0,0,0,0,0,0.0
750.0,279.6471600688468,12.0,39,334,0.15624999999999997,1,0,1,0,0,0,0,0,0,0,0.0
530.0,59.6471600688468,42.0,8,732,0.0,1,0,1,0,0,0,0,0,0,0,0.0
530.0,59.6471600688468,42.0,8,732,0.49166666666666664,1,0,1,0,0,0,0,0,0,0,0.0
475.0,4.6471600688468016,17.0,18,722,0.2333333333333333,1,0,1,0,0,1,0,0,0,0,0.0
250.0,-220.3528399311532,20.0,9,92,0.38571428571428573,1,0,0,0,1,0,0,0,0,0,0.0
560.0,89.6471600688468,10.0,53,687,0.4,1,0,0,0,0,0,0,0,0,0,0.0
600.0,129.6471600688468,25.0,84,656,0.6,1,0,0,0,0,0,0,0,0,0,0.0
650.0,179.6471600688468,15.0,101,639,0.625,1,0,1,0,0,0,0,0,1,0,0.0
600.0,129.6471600688468,25.0,101,639,0.68,1,0,0,0,0,0,0,0,0,0,0.0
560.0,89.6471600688468,25.0,53,687,0.6166666666666667,1,0,0,0,0,0,0,0,0,0,0.0
550.0,79.6471600688468,10.0,53,687,0.7,1,0,0,0,0,0,0,0,0,0,0.0
450.0,-20.3528399311532,10.0,101,639,0.875,1,0,0,0,1,0,0,0,0,0,0.0
500.0,29.6471600688468,10.0,53,687,0.34545454545454546,1,0,0,0,0,0,0,0,0,0,0.0
599.0,128.6471600688468,25.0,162,242,0.36590909090909085,1,0,0,0,1,0,0,0,0,0,0.0
650.0,179.6471600688468,10.0,101,639,0.37555555555555553,1,0,0,0,1,0,0,0,0,0,0.0
600.0,129.6471600688468,25.0,162,578,0.5,1,0,0,0,1,0,0,0,0,0,0.0
450.0,-20.3528399311532,10.0,101,639,1.0,1,0,0,0,1,0,0,0,0,0,0.0
415.0,-55.3528399311532,15.0,10,731,0.4138888888888889,1,1,1,1,0,0,0,0,0,0,0.0
600.0,129.6471600688468,12.0,11,730,0.39999999999999997,1,1,0,0,0,0,0,0,0,0,0.0
460.0,-10.352839931153198,18.0,40,701,0.42187500000000006,1,0,0,0,1,1,0,0,0,0,0.0
450.0,13.913513513513522,15.0,40,701,0.2298076923076923,0,0,1,0,0,1,0,0,0,0,0.0
420.0,-50.3528399311532,17.0,102,639,0.5,1,0,1,1,0,0,0,0,0,0,0.0
620.0,149.6471600688468,16.0,10,122,0.08333333333333333,1,0,0,0,0,0,0,0,0,0,0.0
450.0,13.913513513513522,26.0,10,153,0.32241379310344825,0,1,1,0,0,1,0,0,0,0,0.0
399.0,-71.3528399311532,21.0,40,701,0.36666666666666664,1,1,0,0,0,1,0,0,0,0,0.0
450.0,13.913513513513522,17.0,10,731,0.5666666666666667,0,0,0,0,0,0,0,0,0,1,0.0
800.0,363.9135135135135,46.0,36,777,0.13333333333333333,0,0,0,0,0,0,0,0,0,0,0.0
600.0,129.6471600688468,43.0,10,731,0.7,1,0,0,0,0,0,0,0,0,0,0.0
350.0,-120.3528399311532,18.0,34,97,0.61,1,0,0,0,0,0,0,0,0,0,0.0
450.0,-20.3528399311532,20.0,11,90,0.48666666666666664,1,0,1,0,1,0,0,0,0,1,0.0
690.0,219.6471600688468,15.0,1,114,0.2653846153846154,1,0,0,0,0,0,0,0,0,0,0.0
340.0,-130.3528399311532,12.0,10,731,0.23750000000000002,1,0,0,0,0,0,0,0,0,0,0.0
550.0,79.6471600688468,20.0,10,731,0.555,1,0,0,0,0,0,0,0,0,0,0.0
370.0,-100.3528399311532,20.0,10,731,0.13999999999999999,1,1,1,0,0,0,0,0,0,0,0.0
450.0,13.913513513513522,15.0,10,731,0.65625,0,0,0,0,0,0,0,0,0,0,0.0
340.0,-96.08648648648648,15.0,40,701,0.325,0,1,0,0,1,0,0,0,0,0,0.0
550.0,79.6471600688468,19.0,13,151,0.0,1,0,0,0,1,0,0,0,0,0,0.0
392.0,-78.3528399311532,17.0,10,731,0.34305555555555556,1,0,1,1,1,0,0,0,0,0,0.0
380.0,-56.08648648648648,13.0,24,717,0.4555555555555555,0,0,0,0,1,1,0,0,0,1,0.0
230.0,-240.3528399311532,17.0,10,731,0.34285714285714286,1,0,1,0,0,0,0,0,0,0,0.0
360.0,-110.3528399311532,20.0,40,701,0.24499999999999997,1,0,1,1,0,0,0,0,0,0,0.0
450.0,-20.3528399311532,11.0,10,91,0.4523809523809524,1,0,1,0,0,1,0,0,0,0,0.0
590.0,153.91351351351352,24.0,71,670,0.0,0,0,0,0,0,0,0,0,0,0,0.0
490.0,19.6471600688468,20.0,10,122,0.6866666666666665,1,0,1,0,1,0,0,0,0,0,0.0
400.0,-70.3528399311532,17.0,29,712,0.2096969696969697,1,1,1,0,0,0,0,0,0,0,0.0
420.0,-50.3528399311532,13.0,10,731,0.39999999999999997,1,0,1,0,0,1,0,0,0,0,0.0
500.0,29.6471600688468,22.0,10,214,0.2696969696969697,1,1,0,0,0,0,0,0,0,1,0.0
425.0,-11.086486486486478,15.0,71,184,0.46184210526315783,0,0,1,0,1,0,0,0,0,1,0.0
600.0,129.6471600688468,20.0,10,731,0.6012500000000001,1,0,1,0,1,0,0,0,0,0,0.0
440.0,3.9135135135135215,18.0,10,731,0.19999999999999998,0,0,0,0,0,0,0,0,0,0,0.0
500.0,63.91351351351352,30.0,14,148,0.18070175438596492,0,0,1,0,0,0,0,0,0,0,0.0
350.0,-86.08648648648648,26.0,40,365,0.2583333333333333,0,0,1,0,0,1,0,0,0,0,0.0
300.0,-170.3528399311532,10.0,30,102,0.28285714285714286,1,0,0,0,1,1,0,0,0,0,0.0
598.0,127.6471600688468,15.0,2,130,0.2410569105691057,1,0,0,0,1,0,0,0,0,0,0.0
420.0,-16.08648648648648,12.0,10,122,0.22121212121212122,0,0,0,0,1,0,0,0,0,0,0.0
450.0,13.913513513513522,16.0,40,701,0.15192307692307694,0,0,0,0,1,1,0,0,0,0,0.0
450.0,13.913513513513522,15.0,10,93,0.26666666666666666,0,0,0,0,0,0,0,0,0,1,0.0
385.0,-85.3528399311532,14.0,12,180,0.0875,1,0,0,0,0,0,0,0,0,1,0.0
350.0,-120.3528399311532,16.0,10,121,0.35,1,1,0,0,0,0,0,0,0,0,0.0
735.0,264.6471600688468,20.0,10,731,0.16538461538461538,1,0,1,0,0,1,0,0,0,0,0.0
480.0,43.91351351351352,20.0,10,122,0.2814814814814815,0,0,0,0,0,0,0,0,0,0,0.0
680.0,209.6471600688468,18.0,3,98,0.0,1,0,1,0,0,0,0,0,0,0,0.0
350.0,-120.3528399311532,17.0,71,670,0.25,1,0,1,1,0,0,0,0,0,0,0.0
545.0,74.6471600688468,22.0,10,731,0.255,1,0,0,0,1,0,0,1,0,0,0.0
600.0,163.91351351351352,27.0,10,364,0.2125,0,0,1,0,0,0,0,0,0,0,0.0
250.0,-186.08648648648648,13.0,71,92,0.2901960784313725,0,0,1,0,0,1,1,0,0,0,0.0
420.0,-50.3528399311532,11.0,40,92,0.20000000000000004,1,0,0,0,0,1,0,0,0,0,0.0
370.0,-66.08648648648648,12.0,102,639,0.15625,0,0,0,0,0,0,0,0,0,1,0.0
295.0,-175.3528399311532,15.0,10,183,1.0,1,0,1,0,1,0,0,0,0,0,0.0
430.0,-6.0864864864864785,16.0,10,731,0.25952380952380955,0,0,1,0,1,1,0,0,0,1,0.0
259.0,-177.08648648648648,13.0,10,731,0.625,0,0,0,0,0,0,0,0,0,0,0.0
395.0,-75.3528399311532,18.0,10,731,0.4833333333333333,1,0,1,0,1,0,0,0,0,0,0.0
426.0,-44.3528399311532,17.0,12,729,0.2,1,0,1,0,0,0,0,0,0,0,0.0
295.0,-175.3528399311532,27.0,26,715,0.1246153846153846,1,0,1,0,0,1,0,0,0,0,0.0
380.0,-56.08648648648648,18.0,40,701,0.14166666666666666,0,0,0,0,1,0,0,0,0,0,0.0
450.0,13.913513513513522,26.0,1,742,0.3,0,0,0,0,0,0,0,0,0,0,0.0
450.0,-20.3528399311532,27.0,10,731,0.0875,1,0,0,0,0,0,0,0,1,0,0.0
450.0,-20.3528399311532,12.0,68,155,0.41999999999999993,1,0,0,0,0,1,0,1,0,0,0.0
590.0,119.6471600688468,20.0,10,363,0.175,1,0,1,0,0,0,0,0,0,0,0.0
447.0,-23.3528399311532,15.0,10,731,0.29999999999999993,1,1,1,1,0,0,0,0,0,0,0.0
380.0,-56.08648648648648,17.0,16,297,0.16666666666666666,0,0,1,0,1,0,0,0,0,0,0.0
350.0,-120.3528399311532,11.0,1,740,0.09090909090909091,1,0,0,0,0,0,0,0,0,0,0.0
550.0,79.6471600688468,26.0,8,121,0.14347826086956522,1,0,1,0,1,0,0,0,0,0,0.0
450.0,-20.3528399311532,20.0,100,181,0.18888888888888888,1,1,0,0,0,0,0,0,0,0,0.0
420.0,-50.3528399311532,17.0,11,457,0.17878787878787877,1,0,1,0,0,0,0,0,0,0,0.0
350.0,-86.08648648648648,14.0,1,740,0.35000000000000003,0,0,1,0,0,0,0,0,0,0,0.0
400.0,-36.08648648648648,18.0,8,121,0.675,0,0,1,0,0,0,0,0,0,1,0.0
580.0,143.91351351351352,19.0,38,701,0.09999999999999999,0,0,1,1,0,0,0,0,0,0,0.0
295.0,-141.08648648648648,13.0,8,731,0.26805555555555555,0,0,1,0,1,1,0,0,0,0,0.0
650.0,179.6471600688468,22.0,8,214,0.266,1,0,0,0,0,1,0,0,0,0,0.0
475.0,38.91351351351352,18.0,8,731,0.458974358974359,0,0,0,0,0,0,0,0,0,0,0.0
695.0,224.6471600688468,24.0,69,272,0.15945945945945947,1,0,0,0,0,0,0,0,0,0,0.0
500.0,29.6471600688468,12.0,10,199,0.0,1,0,0,0,0,0,0,0,0,0,0.0
450.0,13.913513513513522,22.0,22,717,0.6999999999999998,0,0,1,0,0,0,0,0,0,0,0.0
400.0,-36.08648648648648,13.0,8,731,0.3466666666666667,0,0,0,0,0,0,0,0,0,0,0.0
450.0,-20.3528399311532,12.0,8,731,0.14333333333333334,1,0,0,0,1,1,0,0,0,0,0.0
800.0,329.6471600688468,38.0,8,731,0.5571428571428572,1,0,1,1,0,0,0,0,0,0,0.0
580.0,109.6471600688468,20.0,8,426,0.09393939393939393,1,0,0,0,0,0,0,0,0,1,0.0
500.0,29.6471600688468,16.0,48,93,0.11333333333333333,1,0,0,0,0,0,0,0,0,0,0.0
374.0,-96.3528399311532,20.0,8,731,0.33571428571428574,1,1,1,0,0,0,0,0,0,0,0.0
450.0,-20.3528399311532,10.0,8,395,0.5472222222222222,1,0,0,0,0,1,0,0,0,0,0.0
300.0,-170.3528399311532,27.0,0,160,0.3333333333333333,1,0,0,0,0,0,0,0,0,0,0.0
500.0,29.6471600688468,15.0,8,731,0.496875,1,0,0,0,0,0,0,0,0,0,0.0
430.0,-40.3528399311532,18.0,2,737,0.2833333333333333,1,0,0,0,0,0,0,0,0,0,0.0
420.0,-16.08648648648648,115.0,83,350,0.0,0,0,0,0,0,0,0,0,0,0,0.0
299.0,-137.08648648648648,17.0,38,701,0.25902777777777775,0,0,1,1,1,0,1,0,0,0,0.0
550.0,79.6471600688468,20.0,101,328,0.3555555555555556,1,0,0,0,0,0,0,0,0,0,0.0
390.0,-46.08648648648648,15.0,5,735,0.2217391304347826,0,0,0,0,0,0,0,0,0,0,0.0
450.0,-20.3528399311532,20.0,2,738,0.25320512820512814,1,0,1,0,0,0,0,0,0,1,0.0
360.0,-110.3528399311532,24.0,18,722,0.41428571428571426,1,0,0,0,0,0,0,0,0,1,0.0
400.0,-70.3528399311532,14.0,5,735,0.575,1,1,0,0,0,1,0,0,0,0,0.0
450.0,-20.3528399311532,13.0,101,122,0.371875,1,0,1,0,1,1,0,0,0,0,0.0
460.0,23.91351351351352,26.0,9,731,0.23750000000000002,0,0,1,0,0,0,0,0,0,0,0.0
515.0,78.91351351351352,16.0,9,731,0.7611111111111111,0,0,0,0,0,1,0,0,0,1,0.0
490.0,53.91351351351352,21.0,70,670,0.3597826086956521,0,0,0,0,0,0,0,0,0,0,0.0
450.0,13.913513513513522,18.0,9,364,0.20999999999999996,0,0,0,0,0,1,0,0,0,0,0.0
450.0,13.913513513513522,12.0,53,687,0.2716666666666667,0,0,0,0,1,0,0,0,0,0,0.0
449.0,-21.3528399311532,10.0,9,731,0.07368421052631578,1,0,0,0,0,0,0,0,0,0,0.0
480.0,43.91351351351352,14.0,70,152,0.5354166666666667,0,0,0,0,0,1,0,0,0,0,0.0
445.0,-25.3528399311532,20.0,39,701,0.15526315789473685,1,0,1,1,0,1,0,0,0,0,0.0
589.0,118.6471600688468,39.0,23,380,0.22083333333333333,1,0,0,0,1,0,0,0,0,1,0.0
400.0,-36.08648648648648,18.0,9,121,0.675,0,0,1,0,0,0,0,0,0,1,0.0
550.0,79.6471600688468,20.0,9,122,0.6166666666666667,1,0,1,0,1,0,0,0,0,0,0.0
310.0,-126.08648648648648,10.0,39,701,0.28333333333333327,0,1,1,1,0,0,0,0,0,0,0.0
700.0,263.9135135135135,18.0,39,92,0.325,0,0,0,0,0,0,0,0,0,0,0.0
500.0,63.91351351351352,18.0,39,701,0.465,0,0,0,0,0,0,0,0,0,0,0.0
500.0,29.6471600688468,25.0,9,731,0.5916666666666667,1,1,1,0,0,0,0,0,0,0,0.0
530.0,59.6471600688468,18.0,6,186,0.0,1,0,0,0,0,0,0,0,0,0,0.0
530.0,59.6471600688468,18.0,6,734,0.0,1,0,0,0,0,0,0,0,0,0,0.0
530.0,59.6471600688468,18.0,6,306,0.2681818181818182,1,0,1,0,0,0,0,0,0,1,0.0
530.0,59.6471600688468,18.0,6,734,0.35,1,0,1,0,0,0,0,0,0,0,0.0
440.0,-30.3528399311532,28.0,40,394,0.15454545454545454,1,0,0,0,0,0,0,0,0,0,0.0
344.0,-126.3528399311532,12.0,70,121,0.09166666666666665,1,0,1,0,0,0,0,0,0,0,0.0
550.0,113.91351351351352,18.0,9,91,0.22,0,0,0,0,0,0,0,0,0,0,0.0
375.0,-95.3528399311532,10.0,9,731,0.25909090909090904,1,0,1,1,1,0,0,0,0,1,0.0
540.0,69.6471600688468,19.0,11,729,0.16153846153846152,1,0,1,1,0,0,0,0,0,1,0.0
340.0,-130.3528399311532,17.0,9,731,0.37529411764705883,1,0,0,0,0,1,0,0,0,0,0.0
330.0,-106.08648648648648,22.0,9,731,0.6375000000000001,0,1,1,1,0,0,0,0,0,0,0.0
270.0,-166.08648648648648,20.0,8,732,0.3,0,0,1,1,1,0,0,0,0,0,0.0
460.0,23.91351351351352,18.0,9,731,-0.042857142857142864,0,0,1,0,0,0,0,0,0,0,0.0
435.0,-1.0864864864864785,14.0,39,701,-0.037500000000000006,0,0,1,0,0,0,0,0,0,0,0.0
350.0,-120.3528399311532,10.0,9,731,0.5285714285714286,1,0,0,0,0,0,0,0,0,0,0.0
480.0,43.91351351351352,20.0,39,701,0.2371212121212121,0,0,1,0,0,0,0,0,0,0,0.0
480.0,43.91351351351352,20.0,39,701,0.24,0,0,0,0,0,0,0,0,0,0,0.0
407.0,-29.08648648648648,17.0,0,740,0.4313725490196078,0,0,0,0,0,0,0,0,0,1,0.0
450.0,-20.3528399311532,13.0,131,609,0.29374999999999996,1,1,1,0,0,1,0,0,0,0,0.0
300.0,-136.08648648648648,9.0,70,670,0.6,0,0,0,0,0,0,0,0,0,0,0.0
520.0,49.6471600688468,26.0,9,731,0.0,1,1,0,0,0,0,0,0,0,0,0.0
450.0,-20.3528399311532,22.0,9,91,0.34199999999999997,1,0,1,0,0,1,0,0,0,0,0.0
400.0,-36.08648648648648,22.0,23,107,0.0875,0,1,0,0,0,0,0,0,0,0,0.0
450.0,-20.3528399311532,15.0,1,741,0.15882352941176472,1,0,0,0,1,0,0,0,0,0,0.0
450.0,-20.3528399311532,15.0,9,731,0.5,1,0,0,0,0,0,0,0,0,0,0.0
350.0,-86.08648648648648,12.0,3,737,0.08947368421052632,0,0,0,0,0,0,0,0,0,0,0.0
316.0,-154.3528399311532,14.0,9,731,0.3444444444444444,1,0,0,0,0,0,0,0,0,0,0.0
460.0,-10.352839931153198,11.0,70,670,0.5208333333333334,1,0,1,0,0,0,0,0,0,1,0.0
600.0,129.6471600688468,25.0,69,671,0.5588235294117647,1,0,1,0,0,0,0,0,0,0,0.0
487.0,16.6471600688468,16.0,23,138,0.412719298245614,1,0,1,1,1,0,0,0,0,0,0.0
350.0,-120.3528399311532,12.0,9,122,0.2583333333333333,1,0,1,0,0,0,0,0,0,0,0.0
691.0,220.6471600688468,33.0,9,214,0.575,1,0,0,0,0,1,0,0,0,1,0.0
550.0,79.6471600688468,20.0,12,728,-0.07692307692307693,1,0,0,0,0,0,1,1,0,0,0.0
400.0,-70.3528399311532,15.0,9,215,0.12916666666666665,1,0,0,0,0,0,0,0,0,0,0.0
400.0,-36.08648648648648,20.0,9,91,0.284375,0,0,1,0,0,0,0,0,0,0,0.0
550.0,79.6471600688468,11.0,9,731,0.3416666666666667,1,0,1,0,0,0,0,0,0,0,0.0
475.0,4.6471600688468016,10.0,100,122,0.17777777777777778,1,0,1,0,0,0,0,0,0,0,0.0
450.0,13.913513513513522,12.0,9,91,0.5666666666666667,0,0,0,0,0,0,0,0,0,0,0.0
750.0,279.6471600688468,30.0,39,153,0.14166666666666666,1,0,0,0,0,0,0,0,0,0,0.0
575.0,138.91351351351352,15.0,39,914,0.19117647058823528,0,0,0,0,0,0,0,0,0,0,0.0
340.0,-130.3528399311532,18.0,70,670,0.23043478260869565,1,0,0,0,0,0,0,0,0,0,0.0
639.0,168.6471600688468,30.0,2,738,0.3688888888888889,1,0,0,0,0,0,0,0,0,0,0.0
474.0,3.6471600688468016,20.0,9,213,0.2238636363636364,1,1,1,1,1,1,0,0,0,0,0.0
335.0,-101.08648648648648,14.0,101,639,0.228,0,0,0,0,0,0,0,0,0,1,0.0
600.0,163.91351351351352,24.0,9,153,-0.125,0,1,0,0,0,0,0,0,0,0,0.0
450.0,-20.3528399311532,20.0,0,740,0.38749999999999996,1,0,1,0,1,0,0,0,0,0,0.0
400.0,-36.08648648648648,16.0,9,731,0.19333333333333333,0,0,0,0,0,0,0,0,0,0,0.0
371.0,-65.08648648648648,28.0,9,731,0.34285714285714286,0,0,0,0,0,0,0,1,0,0,0.0
400.0,-70.3528399311532,24.0,9,731,0.24375,1,0,0,0,0,0,0,0,0,0,0.0
650.0,179.6471600688468,28.0,9,731,0.6428571428571429,1,0,0,0,0,0,0,0,0,0,0.0
550.0,79.6471600688468,24.0,39,92,0.53125,1,0,0,0,0,1,0,0,0,0,0.0
499.0,28.6471600688468,15.0,39,91,0.35,1,0,0,0,0,0,0,0,0,0,0.0
490.0,19.6471600688468,21.0,64,263,0.28076923076923077,1,1,1,0,0,0,0,0,0,1,0.0
490.0,19.6471600688468,21.0,101,226,0.28076923076923077,1,1,1,0,0,0,0,0,0,1,0.0
490.0,19.6471600688468,21.0,155,172,0.28076923076923077,1,1,1,0,0,0,0,0,0,1,0.0
550.0,113.91351351351352,25.0,1,99,0.017073170731707315,0,0,0,0,0,0,0,0,0,0,0.0
382.0,-54.08648648648648,18.0,70,91,0.37142857142857144,0,0,0,0,1,0,1,0,0,0,0.0
365.0,-71.08648648648648,16.0,9,731,0.20999999999999996,0,0,0,0,0,1,0,0,0,0,0.0
480.0,9.647160068846802,14.0,23,183,0.2857142857142857,1,0,0,0,0,0,0,0,0,0,0.0
400.0,-70.3528399311532,16.0,9,731,0.0,1,1,0,0,0,0,0,0,0,0,0.0
400.0,-36.08648648648648,22.0,23,107,0.21818181818181817,0,1,0,0,1,0,0,0,0,0,0.0
480.0,9.647160068846802,38.0,9,92,0.28099999999999997,1,0,1,0,0,0,0,0,0,0,0.0
550.0,113.91351351351352,25.0,9,122,0.31666666666666665,0,0,1,0,0,1,0,0,0,0,0.0
550.0,113.91351351351352,35.0,39,701,-0.05000000000000001,0,0,0,0,0,0,0,0,0,0,0.0
445.0,8.913513513513522,20.0,39,701,0.3842105263157895,0,0,1,1,0,1,0,0,0,1,0.0
370.0,-66.08648648648648,14.0,9,731,0.2020833333333333,0,0,0,0,0,0,0,0,0,0,0.0
400.0,-70.3528399311532,18.0,9,731,0.51,1,0,0,0,0,0,0,0,0,1,0.0
600.0,129.6471600688468,11.0,111,365,0.2333333333333333,1,0,0,0,0,0,0,1,0,1,0.0
410.0,-60.3528399311532,14.0,9,152,0.41500000000000004,1,0,0,0,1,0,0,0,0,0,0.0
425.0,-45.3528399311532,35.0,9,731,0.6733333333333333,1,0,0,0,0,0,0,0,0,0,0.0
395.0,-41.08648648648648,13.0,8,748,0.27884615384615385,0,0,0,0,1,0,0,0,0,0,0.0
465.0,28.91351351351352,18.0,9,731,0.27884615384615385,0,0,0,0,1,0,0,0,0,0,0.0
500.0,63.91351351351352,23.0,9,731,0.27884615384615385,0,0,0,0,1,0,0,0,0,0,0.0
500.0,63.91351351351352,23.0,9,731,0.27884615384615385,0,0,0,0,1,0,0,0,0,0,0.0
500.0,63.91351351351352,22.0,9,731,0.26851851851851855,0,0,0,0,1,0,0,0,0,0,0.0
280.0,-190.3528399311532,9.0,83,823,1.0,1,0,0,0,0,0,0,0,0,0,0.0
350.0,-120.3528399311532,20.0,39,701,0.2842592592592592,1,0,0,0,0,0,0,0,0,1,0.0
650.0,179.6471600688468,28.0,8,732,0.08666666666666666,1,0,0,0,1,1,0,0,0,0,0.0
490.0,19.6471600688468,25.0,70,184,0.38749999999999996,1,0,0,0,0,1,0,0,0,1,0.0
500.0,29.6471600688468,26.0,9,731,0.0,1,1,0,0,0,0,0,0,0,0,0.0
650.0,179.6471600688468,20.0,6,734,0.08666666666666666,1,0,0,0,1,1,0,0,0,0,0.0
590.0,119.6471600688468,16.0,9,731,0.62,1,0,0,0,0,0,0,0,0,0,0.0
450.0,13.913513513513522,11.0,39,701,0.11153846153846152,0,0,0,0,0,0,0,0,0,0,0.0
410.0,-26.08648648648648,14.0,9,92,0.0881720430107527,0,0,0,0,0,0,0,0,0,0,0.0
375.0,-61.08648648648648,24.0,9,731,0.35,0,0,0,0,0,1,0,0,0,0,0.0
580.0,109.6471600688468,38.0,9,146,0.5142857142857143,1,0,1,0,0,1,0,0,0,0,0.0
300.0,-136.08648648648648,12.0,101,639,0.09999999999999999,0,0,0,0,0,0,0,0,0,0,0.0
503.0,32.6471600688468,20.0,9,731,0.23333333333333328,1,1,0,0,0,1,0,0,0,0,0.0
400.0,-36.08648648648648,10.0,23,108,0.415,0,0,1,0,0,0,0,0,0,0,0.0
500.0,63.91351351351352,20.0,9,731,0.3333333333333333,0,0,1,0,0,0,0,0,0,0,0.0
525.0,88.91351351351352,20.0,70,670,0.2642857142857143,0,0,1,0,0,0,0,0,0,0,0.0
600.0,163.91351351351352,25.0,70,670,0.2,0,0,0,0,0,0,0,0,0,0,0.0
550.0,113.91351351351352,45.0,10,731,0.6799999999999999,0,1,0,0,1,0,0,0,0,0,0.0
610.0,139.6471600688468,44.0,7,853,0.125,1,1,0,0,0,0,0,0,0,0,0.0
381.0,-89.3528399311532,18.0,26,345,0.225,1,1,1,1,0,0,0,0,0,0,0.0
630.0,159.6471600688468,23.0,7,731,0.6375000000000001,1,0,0,0,0,0,0,0,0,0,0.0
540.0,69.6471600688468,12.0,37,701,0.0,1,0,0,0,0,0,0,0,0,0,0.0
325.0,-111.08648648648648,9.0,37,701,0.17777777777777778,0,0,0,0,0,1,0,0,0,0,0.0
310.0,-160.3528399311532,22.0,37,214,0.18055555555555555,1,0,0,0,1,0,0,0,0,0,0.0
330.0,-106.08648648648648,9.0,7,731,0.55,0,0,1,0,0,0,0,0,0,0,0.0
210.0,-226.08648648648648,7.0,27,711,0.28421052631578947,0,0,0,0,0,0,0,0,0,0,0.0
650.0,213.91351351351352,50.0,7,731,0.3625,0,0,1,0,0,0,0,0,0,0,0.0
470.0,-0.35283993115319845,17.0,37,701,0.3384615384615385,1,1,1,1,0,1,0,0,0,0,0.0
300.0,-170.3528399311532,20.0,68,670,0.3888888888888889,1,1,0,0,0,1,0,0,0,0,0.0
450.0,-20.3528399311532,25.0,7,122,0.06363636363636363,1,0,1,1,0,0,0,0,0,0,0.0
330.0,-140.3528399311532,13.0,11,178,0.05,1,0,0,0,0,0,0,0,0,0,0.0
425.0,-11.086486486486478,30.0,7,761,0.3352941176470589,0,0,1,0,0,0,0,0,0,1,0.0
1043.0,606.9135135135135,25.0,21,107,0.46249999999999997,0,0,0,0,0,0,0,0,0,0,0.0
380.0,-56.08648648648648,23.0,7,213,0.13374999999999998,0,1,0,0,0,0,0,0,0,1,0.0
420.0,-50.3528399311532,22.0,5,733,0.4666666666666666,1,0,0,0,0,0,0,0,0,0,0.0
440.0,3.9135135135135215,18.0,28,729,0.175,0,0,0,0,0,0,0,0,0,0,0.0
390.0,-46.08648648648648,30.0,36,293,0.4428571428571428,0,0,0,0,0,1,0,0,0,0,0.0
550.0,79.6471600688468,10.0,70,687,1.0,1,0,0,0,1,0,0,0,0,0,0.0
650.0,179.6471600688468,10.0,118,639,0.37555555555555553,1,0,0,0,1,0,0,0,0,0,0.0
500.0,29.6471600688468,10.0,70,687,0.7,1,0,0,0,0,0,0,0,0,0,0.0
600.0,129.6471600688468,25.0,118,639,0.68,1,0,0,0,0,0,0,0,0,0,0.0
560.0,89.6471600688468,25.0,70,687,0.6166666666666667,1,0,0,0,0,0,0,0,0,0,0.0
650.0,179.6471600688468,15.0,118,639,0.625,1,0,1,0,0,0,0,0,1,0,0.0
600.0,129.6471600688468,25.0,101,656,0.6,1,0,0,0,0,0,0,0,0,0,0.0
500.0,29.6471600688468,10.0,70,687,0.4,1,0,0,0,0,0,0,0,0,0,0.0
680.0,209.6471600688468,25.0,56,701,0.19374999999999998,1,0,0,0,0,0,0,0,0,0,0.0
375.0,-61.08648648648648,16.0,56,701,0.19374999999999998,0,0,0,0,0,1,0,0,0,1,0.0
550.0,113.91351351351352,28.0,50,280,0.16428571428571428,0,0,0,0,0,0,0,0,0,0,0.0
550.0,113.91351351351352,24.0,56,701,0.15000000000000002,0,0,0,0,1,0,0,0,0,0,0.0
255.0,-181.08648648648648,16.0,148,609,0.3194444444444444,0,0,1,0,1,0,0,0,0,0,0.0
570.0,99.6471600688468,32.0,57,91,0.24545454545454548,1,1,1,0,0,0,0,0,0,0,0.0
530.0,59.6471600688468,10.0,56,701,0.0,1,0,0,0,0,0,0,0,0,0,0.0
380.0,-90.3528399311532,21.0,1,172,0.07777777777777778,1,0,1,0,0,0,0,0,0,0,0.0
400.0,-70.3528399311532,20.0,56,701,0.14655172413793102,1,0,1,0,1,0,0,0,0,1,0.0
500.0,63.91351351351352,20.0,56,701,0.51,0,1,0,0,0,0,0,0,0,0,0.0
395.0,-75.3528399311532,20.0,33,724,0.0,1,0,0,0,0,0,0,0,0,0,0.0
550.0,79.6471600688468,20.0,50,97,0.22261904761904758,1,0,1,0,0,0,0,0,0,0,0.0
420.0,-16.08648648648648,20.0,87,141,0.22321428571428573,0,0,0,0,1,1,0,0,0,1,0.0
380.0,-56.08648648648648,15.0,35,113,0.5214285714285715,0,0,1,0,0,0,0,0,0,0,0.0
420.0,-16.08648648648648,13.0,56,701,0.25919540229885063,0,0,0,0,0,0,0,0,0,0,0.0
500.0,63.91351351351352,14.0,56,91,0.0,0,0,0,0,0,0,0,0,0,0,0.0
350.0,-86.08648648648648,10.0,56,701,0.21578947368421056,0,0,1,0,0,0,0,0,0,0,0.0
550.0,79.6471600688468,17.0,56,701,0.014285714285714287,1,0,0,0,0,0,0,0,0,0,0.0
400.0,-36.08648648648648,22.0,56,257,0.20238095238095238,0,0,0,0,0,0,0,0,0,1,0.0
340.0,-130.3528399311532,16.0,56,701,0.16547619047619047,1,1,1,0,0,0,0,0,0,0,0.0
545.0,74.6471600688468,42.0,36,721,0.11666666666666665,1,0,0,0,0,0,0,0,0,0,0.0
420.0,-16.08648648648648,17.0,56,701,0.5968749999999999,0,0,0,0,1,1,0,0,0,0,0.0
450.0,-20.3528399311532,24.0,56,91,0.31979166666666664,1,0,0,0,0,0,0,0,0,0,0.0
350.0,-120.3528399311532,17.0,56,215,0.3416666666666666,1,0,0,0,0,0,0,0,0,0,0.0
570.0,99.6471600688468,25.0,56,701,0.325,1,0,0,0,1,0,0,0,0,0,0.0
398.0,-72.3528399311532,15.0,56,701,0.3916666666666666,1,1,1,0,0,1,0,0,0,0,0.0
480.0,43.91351351351352,21.0,56,701,0.145,0,0,0,0,0,0,0,0,0,1,0.0
550.0,79.6471600688468,19.0,32,146,0.0,1,0,0,0,1,0,0,0,0,0,0.0
790.0,319.6471600688468,15.0,56,701,0.125,1,0,0,0,0,0,0,0,0,0,0.0
535.0,98.91351351351352,23.0,56,215,0.31071428571428567,0,0,0,0,0,1,0,0,0,0,0.0
350.0,-120.3528399311532,12.0,40,717,0.7638888888888888,1,0,0,0,0,1,0,0,0,0,0.0
580.0,109.6471600688468,24.0,96,131,0.2222222222222222,1,0,0,0,0,0,0,0,0,0,0.0
380.0,-90.3528399311532,10.0,56,701,0.5285714285714286,1,0,0,0,0,1,0,0,0,1,0.0
639.0,168.6471600688468,30.0,56,701,0.44375000000000003,1,0,1,1,0,0,0,0,0,0,0.0
370.0,-100.3528399311532,25.0,56,701,0.19583333333333333,1,0,0,0,1,0,0,0,0,1,0.0
610.0,139.6471600688468,30.0,41,716,-0.04375,1,0,0,0,0,0,1,0,0,0,0.0
500.0,29.6471600688468,13.0,87,670,0.15555555555555556,1,0,0,0,0,1,0,0,0,1,0.0
460.0,-10.352839931153198,21.0,56,701,0.09444444444444444,1,0,0,0,0,0,0,0,0,1,0.0
320.0,-116.08648648648648,11.0,87,364,-0.2333333333333333,0,0,0,0,0,0,0,0,0,0,0.0
650.0,179.6471600688468,25.0,87,670,0.3375,1,0,0,0,1,0,0,0,0,0,0.0
325.0,-111.08648648648648,20.0,36,721,-0.031818181818181815,0,0,0,0,0,0,0,0,0,0,0.0
480.0,43.91351351351352,20.0,31,239,0.2814814814814815,0,0,0,0,0,0,0,0,0,0,0.0
550.0,79.6471600688468,24.0,56,92,0.7466666666666667,1,0,0,0,0,1,0,0,0,0,0.0
459.0,-11.352839931153198,23.0,56,701,0.34285714285714286,1,1,0,0,0,0,0,0,0,0,0.0
750.0,279.6471600688468,12.0,56,427,0.23333333333333334,1,0,1,0,0,0,0,0,0,0,0.0
500.0,29.6471600688468,19.0,53,704,0.3384615384615385,1,0,1,0,1,0,0,0,0,1,0.0
440.0,3.9135135135135215,25.0,56,701,0.4533333333333333,0,0,0,0,0,0,0,0,0,0,0.0
379.0,-91.3528399311532,20.0,87,183,0.3095238095238095,1,0,1,0,0,0,0,0,0,0,0.0
395.0,-75.3528399311532,29.0,87,183,0.7866666666666666,1,0,1,0,0,0,0,0,0,0,0.0
379.0,-91.3528399311532,20.0,118,180,0.3095238095238095,1,0,1,0,0,0,0,0,0,0,0.0
590.0,153.91351351351352,28.0,87,121,0.1431818181818182,0,1,1,0,0,1,0,0,0,0,0.0
600.0,129.6471600688468,25.0,31,148,0.27307692307692305,1,0,1,0,0,0,0,0,0,0,0.0
500.0,63.91351351351352,20.0,35,722,0.0,0,0,0,0,0,0,0,0,0,0,0.0
450.0,-20.3528399311532,21.0,40,169,0.36590909090909096,1,0,1,0,0,0,0,0,0,0,0.0
450.0,-20.3528399311532,15.0,35,183,0.34545454545454546,1,1,1,0,0,1,0,0,0,0,0.0
470.0,-0.35283993115319845,13.0,56,457,0.22333333333333333,1,0,1,1,0,1,0,0,0,0,0.0
230.0,-240.3528399311532,17.0,40,717,0.34285714285714286,1,0,1,0,0,0,0,0,0,0,0.0
450.0,-20.3528399311532,21.0,40,169,0.36590909090909096,1,0,1,0,0,0,0,0,0,0,0.0
545.0,74.6471600688468,22.0,87,670,0.255,1,0,0,0,1,0,0,1,0,0,0.0
430.0,-6.0864864864864785,16.0,60,365,0.20999999999999996,0,0,0,0,0,0,0,0,0,0,0.0
451.0,14.913513513513522,15.0,56,701,0.2865934065934067,0,1,0,0,1,1,0,0,0,1,0.0
422.0,-14.086486486486478,12.0,56,701,0.2865934065934067,0,1,0,0,1,1,0,0,0,1,0.0
440.0,-30.3528399311532,19.0,87,670,0.4392857142857142,1,0,0,0,0,1,0,0,0,0,0.0
420.0,-50.3528399311532,11.0,30,727,0.32,1,0,0,0,1,0,0,0,0,0,0.0
560.0,89.6471600688468,16.0,31,726,0.28076923076923077,1,1,1,1,0,0,0,0,0,1,0.0
320.0,-150.3528399311532,15.0,40,717,0.46274509803921565,1,0,0,0,0,1,0,0,0,0,0.0
320.0,-150.3528399311532,15.0,40,717,0.5499999999999999,1,1,1,0,0,0,0,0,0,0,0.0
350.0,-86.08648648648648,17.0,30,480,0.14666666666666664,0,0,0,0,1,0,0,0,0,0,0.0
300.0,-170.3528399311532,9.0,51,706,0.6240740740740741,1,0,1,1,0,0,0,0,0,0,0.0
500.0,29.6471600688468,14.0,56,274,0.68125,1,1,1,0,0,0,0,0,0,0,0.0
400.0,-70.3528399311532,10.0,56,701,0.06428571428571428,1,0,0,0,0,0,0,0,0,0,0.0
360.0,-110.3528399311532,19.0,101,656,0.5,1,1,0,0,0,0,0,0,0,0,0.0
470.0,33.91351351351352,15.0,87,673,0.20999999999999996,0,1,0,0,0,0,0,0,0,1,0.0
560.0,123.91351351351352,16.0,92,611,0.08571428571428572,0,0,1,0,0,0,0,0,0,0,0.0
400.0,-70.3528399311532,23.0,87,670,0.13124999999999998,1,0,1,0,0,0,0,0,0,0,0.0
430.0,-6.0864864864864785,14.0,31,726,0.09999999999999999,0,1,0,0,1,0,0,0,0,0,0.0
400.0,-36.08648648648648,20.0,45,193,0.14166666666666666,0,0,0,0,0,0,0,0,0,0,0.0
750.0,313.9135135135135,22.0,31,726,0.7999999999999999,0,0,0,0,1,0,0,0,0,0,0.0
450.0,-20.3528399311532,20.0,40,717,0.28333333333333327,1,0,1,0,0,1,0,0,0,1,0.0
350.0,-120.3528399311532,26.0,56,91,0.35714285714285715,1,0,1,0,1,0,0,0,0,0,0.0
450.0,-20.3528399311532,17.0,40,139,0.25,1,0,1,0,0,1,0,0,0,0,0.0
300.0,-170.3528399311532,12.0,40,92,0.5142857142857143,1,0,1,0,0,1,0,0,0,0,0.0
550.0,79.6471600688468,25.0,56,701,0.42222222222222217,1,0,0,0,0,0,0,0,0,0,0.0
450.0,-20.3528399311532,16.0,65,692,0.11333333333333333,1,0,0,0,0,0,0,0,0,0,0.0
650.0,179.6471600688468,27.0,30,727,0.07454545454545454,1,0,1,0,1,0,0,0,0,0,0.0
395.0,-75.3528399311532,22.0,87,183,0.515,1,0,1,0,0,0,0,0,0,0,0.0
550.0,79.6471600688468,35.0,56,701,-0.05000000000000001,1,0,0,0,0,0,0,0,0,0,0.0
390.0,-80.3528399311532,12.0,86,701,0.35,1,0,0,0,0,0,0,0,0,0,0.0
395.0,-41.08648648648648,30.0,65,722,0.3499999999999999,0,1,1,0,0,0,0,0,0,0,0.0
550.0,113.91351351351352,25.0,70,687,0.0,0,1,0,0,0,0,0,0,0,0,0.0
500.0,29.6471600688468,28.0,87,670,0.0,1,0,0,0,0,0,0,0,0,0,0.0
389.0,-47.08648648648648,18.0,56,701,0.3074074074074074,0,0,0,0,0,0,0,0,0,0,0.0
475.0,4.6471600688468016,25.0,56,701,-0.09999999999999999,1,0,0,0,0,0,0,0,0,0,0.0
550.0,79.6471600688468,15.0,56,701,0.034999999999999996,1,0,1,0,0,0,0,0,0,0,0.0
295.0,-175.3528399311532,12.0,56,701,0.475,1,0,0,0,0,0,0,0,0,0,0.0
475.0,4.6471600688468016,10.0,118,121,0.2,1,0,1,0,0,0,0,0,0,0,0.0
600.0,163.91351351351352,25.0,40,564,0.05833333333333333,0,0,0,0,1,0,0,0,0,0,0.0
475.0,38.91351351351352,25.0,31,726,0.31590909090909086,0,0,0,0,0,1,0,0,0,0,0.0
320.0,-150.3528399311532,18.0,35,722,0.18888888888888888,1,0,0,0,0,0,0,0,0,1,0.0
312.0,-124.08648648648648,13.0,56,701,0.3111111111111111,0,0,0,0,0,0,0,0,0,0,0.0
370.0,-66.08648648648648,28.0,40,717,0.39999999999999997,0,0,0,0,1,1,0,0,0,0,0.0
500.0,29.6471600688468,16.0,85,672,0.0,1,0,0,0,0,0,0,0,0,1,0.0
560.0,89.6471600688468,11.0,87,303,0.5083333333333333,1,0,0,0,0,1,0,0,0,0,0.0
560.0,89.6471600688468,11.0,148,334,0.35,1,0,0,0,0,0,0,0,0,0,0.0
380.0,-90.3528399311532,16.0,56,701,0.37,1,0,0,0,0,1,0,0,0,0,0.0
350.0,-86.08648648648648,20.0,56,701,0.2833333333333333,0,0,0,0,1,0,0,0,0,0,0.0
575.0,138.91351351351352,20.0,40,717,0.2475,0,0,0,0,0,0,0,0,0,0,0.0
430.0,-6.0864864864864785,15.0,56,701,0.2833333333333333,0,0,1,0,0,0,0,0,0,0,0.0
400.0,-70.3528399311532,12.0,56,701,0.635,1,0,0,0,1,0,0,0,0,1,0.0
400.0,-36.08648648648648,15.0,34,723,0.0,0,0,0,0,0,0,0,0,0,0,0.0
400.0,-36.08648648648648,15.0,34,723,0.4571428571428572,0,0,1,0,0,0,0,0,0,0,0.0
515.0,44.6471600688468,22.0,56,701,0.42619047619047623,1,0,1,1,0,0,0,0,0,0,0.0
400.0,-36.08648648648648,14.0,42,467,0.41000000000000003,0,0,1,0,0,0,0,0,0,0,0.0
400.0,-36.08648648648648,23.0,56,701,0.465,0,0,0,0,0,0,0,0,0,0,0.0
387.0,-49.08648648648648,19.0,4,477,0.4844444444444444,0,0,0,0,0,0,0,0,0,0,0.0
280.0,-190.3528399311532,20.0,1,725,0.3111111111111111,1,0,0,0,0,0,1,0,0,1,0.0
562.0,91.6471600688468,14.0,25,701,0.27999999999999997,1,0,1,1,0,0,0,0,0,0,0.0
500.0,63.91351351351352,14.0,5,731,0.2020833333333333,0,0,0,0,0,0,0,0,0,0,0.0
400.0,-36.08648648648648,18.0,2,265,-0.08666666666666667,0,0,0,0,0,0,0,0,0,0,0.0
473.0,36.91351351351352,13.0,25,701,0.1222222222222222,0,0,0,0,0,0,0,0,0,0,0.0
650.0,179.6471600688468,25.0,40,106,0.85,1,1,0,0,1,0,0,0,0,0,0.0
650.0,179.6471600688468,31.0,1,727,0.35,1,1,0,0,1,0,0,0,0,0,0.0
350.0,-86.08648648648648,15.0,36,243,0.2214285714285714,0,0,1,0,0,1,0,0,0,0,0.0
650.0,179.6471600688468,20.0,60,666,0.09999999999999999,1,0,0,0,0,0,0,0,0,0,0.0
485.0,14.647160068846802,20.0,9,717,0.015000000000000013,1,0,1,1,0,0,0,0,0,0,0.0
480.0,9.647160068846802,11.0,87,121,0.09999999999999998,1,1,1,0,0,1,0,0,0,0,0.0
360.0,-110.3528399311532,15.0,25,395,0.25591397849462366,1,0,1,0,1,1,0,0,0,0,0.0
360.0,-76.08648648648648,14.0,9,717,0.0,0,0,0,0,0,0,0,0,0,0,0.0
490.0,19.6471600688468,22.0,25,701,0.35,1,0,0,0,0,0,0,0,0,0,0.0
550.0,79.6471600688468,17.0,39,687,0.36666666666666664,1,0,1,1,0,1,0,0,0,0,0.0
700.0,229.6471600688468,25.0,25,701,0.125,1,1,0,0,0,0,0,0,0,1,0.0
385.0,-51.08648648648648,15.0,5,701,0.03684210526315789,0,0,0,0,0,0,1,0,0,0,0.0
400.0,-36.08648648648648,12.0,5,701,0.7,0,0,0,0,0,0,0,0,0,0,0.0
540.0,69.6471600688468,19.0,32,728,0.16153846153846152,1,0,1,1,0,0,0,0,0,1,0.0
480.0,9.647160068846802,18.0,29,725,0.375,1,0,1,0,0,0,0,0,0,0,0.0
535.0,64.6471600688468,20.0,29,725,0.4916666666666667,1,0,1,0,0,0,0,0,0,0,0.0
600.0,129.6471600688468,20.0,0,726,0.125,1,1,0,0,0,0,0,0,0,1,0.0
690.0,219.6471600688468,40.0,25,701,0.34722222222222227,1,0,0,0,0,0,0,0,0,0,0.0
382.0,-54.08648648648648,24.0,25,701,0.29454545454545455,0,0,0,0,1,0,0,0,0,0,0.0
740.0,269.6471600688468,22.0,25,701,0.40131578947368424,1,0,0,0,0,0,0,0,0,0,0.0
630.0,193.91351351351352,25.0,25,395,0.3,0,0,1,0,0,0,0,0,0,1,0.0
500.0,29.6471600688468,20.0,25,167,0.75,1,0,0,0,1,0,0,0,0,0,0.0
650.0,179.6471600688468,22.0,25,701,0.440625,1,0,0,0,1,0,0,0,0,0,0.0
465.0,28.91351351351352,18.0,56,242,0.1,0,0,0,0,0,0,0,0,0,1,0.0
525.0,54.6471600688468,28.0,56,364,0.23666666666666666,1,0,1,0,0,1,0,0,0,0,0.0
510.0,73.91351351351352,20.0,25,701,0.18725490196078431,0,0,0,0,1,1,0,0,0,0,0.0
400.0,-70.3528399311532,25.0,6,702,0.49375,1,0,1,0,1,0,0,0,0,0,0.0
550.0,113.91351351351352,23.0,4,416,0.20434782608695654,0,0,0,0,1,0,0,0,0,0,0.0
500.0,29.6471600688468,15.0,56,670,0.15499999999999997,1,0,0,0,0,0,0,0,0,0,0.0
750.0,313.9135135135135,40.0,25,274,0.10625,0,0,0,0,0,0,0,0,0,0,0.0
230.0,-206.08648648648648,16.0,148,242,0.38333333333333336,0,0,1,0,0,1,0,0,0,1,0.0
400.0,-70.3528399311532,20.0,1,697,0.479,1,0,1,0,0,1,0,0,0,1,1.0
560.0,89.6471600688468,31.0,26,670,0.22731092436974787,1,0,1,1,1,0,0,0,0,0,0.0
600.0,129.6471600688468,22.0,30,726,0.26666666666666666,1,0,1,1,0,0,0,0,0,0,0.0
490.0,19.6471600688468,12.0,26,722,0.22692307692307695,1,0,1,0,0,0,0,0,0,0,0.0
650.0,179.6471600688468,25.0,26,670,0.22000000000000003,1,0,0,0,1,0,0,0,0,0,0.0
450.0,-20.3528399311532,15.0,52,200,0.1125,1,0,0,0,0,0,0,0,0,0,0.0
430.0,-6.0864864864864785,20.0,18,134,0.4,0,0,0,0,0,0,0,0,0,0,0.0
550.0,79.6471600688468,31.0,57,212,0.29230769230769227,1,0,1,0,0,0,0,0,0,1,0.0
580.0,109.6471600688468,20.0,4,387,0.21726190476190474,1,0,1,0,1,1,0,0,0,0,0.0
425.0,-45.3528399311532,19.0,21,289,0.28400000000000003,1,0,1,0,0,1,0,0,0,0,0.0
650.0,179.6471600688468,38.0,9,229,0.7294117647058822,1,0,1,0,0,1,0,0,0,1,0.0
360.0,-76.08648648648648,14.0,25,701,-0.05384615384615384,0,0,0,0,0,0,0,0,0,0,0.0
550.0,113.91351351351352,15.0,4,123,0.0,0,1,0,0,0,0,0,0,0,0,0.0
315.0,-121.08648648648648,10.0,25,701,0.45499999999999996,0,0,1,0,0,0,0,0,0,0,0.0
418.0,-18.08648648648648,12.0,25,701,0.5750000000000001,0,0,0,0,0,0,0,0,0,0,0.0
435.0,-1.0864864864864785,12.0,56,670,0.6486111111111111,0,0,0,0,0,0,0,0,0,0,0.0
400.0,-70.3528399311532,12.0,36,762,0.37500000000000006,1,0,1,0,1,0,0,0,0,0,0.0
480.0,43.91351351351352,24.0,35,183,0.4699999999999999,0,0,1,0,0,1,0,0,0,0,0.0
520.0,49.6471600688468,28.0,101,197,0.4635416666666667,1,0,1,0,0,1,0,0,0,1,0.0
480.0,43.91351351351352,20.0,5,701,0.28333333333333327,0,0,0,0,0,0,0,0,0,0,0.0
397.0,-73.3528399311532,15.0,5,701,0.5321428571428571,1,0,1,0,0,0,0,0,0,0,0.0
350.0,-120.3528399311532,12.0,21,717,0.7638888888888888,1,0,0,0,0,1,0,0,0,0,0.0
390.0,-46.08648648648648,15.0,0,269,0.0,0,0,0,0,0,0,0,0,0,0,0.0
497.0,26.6471600688468,25.0,5,701,0.22,1,0,0,0,0,0,0,0,0,0,0.0
550.0,113.91351351351352,24.0,35,731,0.3018518518518518,0,0,1,0,0,0,0,0,0,1,0.0
579.0,142.91351351351352,45.0,21,183,0.10909090909090909,0,0,0,0,0,0,0,0,0,0,0.0
690.0,219.6471600688468,35.0,21,930,0.10806451612903226,1,0,0,0,0,1,0,0,0,0,0.0
520.0,49.6471600688468,28.0,118,578,0.5323529411764705,1,0,1,0,0,1,0,0,0,1,0.0
400.0,-36.08648648648648,15.0,25,721,0.3229166666666667,0,0,1,0,0,0,0,0,0,0,0.0
599.0,128.6471600688468,17.0,28,724,0.08270440251572327,1,0,1,0,1,0,0,0,0,0,0.0
520.0,49.6471600688468,28.0,118,180,0.51,1,0,1,0,0,1,0,0,0,1,0.0
350.0,-86.08648648648648,18.0,57,639,0.18035714285714288,0,0,0,0,0,1,0,0,0,0,0.0
450.0,-20.3528399311532,22.0,57,639,0.22777777777777775,1,0,0,0,0,0,0,0,0,0,0.0
330.0,-106.08648648648648,14.0,4,700,0.425,0,0,0,0,0,0,0,0,0,1,0.0
625.0,154.6471600688468,25.0,5,185,0.3083333333333333,1,0,1,0,0,0,0,0,0,0,0.0
410.0,-60.3528399311532,17.0,25,183,0.21666666666666667,1,0,1,0,0,0,0,0,0,0,0.0
400.0,-70.3528399311532,17.0,45,712,0.2096969696969697,1,1,1,0,0,0,0,0,0,0,0.0
350.0,-86.08648648648648,12.0,26,722,0.09444444444444444,0,0,0,0,0,0,0,0,0,0,0.0
300.0,-136.08648648648648,14.0,21,381,0.075,0,0,1,0,0,0,0,0,0,1,0.0
330.0,-106.08648648648648,12.0,45,314,0.28583333333333333,0,0,1,0,0,1,0,0,0,0,0.0
280.0,-156.08648648648648,11.0,5,701,0.65,0,0,1,1,0,0,0,0,0,0,0.0
309.0,-127.08648648648648,15.0,5,701,0.27999999999999997,0,0,1,1,0,0,0,0,0,0,0.0
500.0,63.91351351351352,19.0,5,701,0.30000000000000004,0,0,1,0,0,1,0,0,0,0,0.0
330.0,-106.08648648648648,18.0,26,670,0.10555555555555556,0,0,0,0,0,0,0,0,0,1,0.0
400.0,-70.3528399311532,16.0,28,724,0.29555555555555557,1,0,1,0,0,1,0,0,0,1,0.0
281.0,-155.08648648648648,14.0,5,701,0.22499999999999998,0,0,0,0,0,0,0,0,0,1,0.0
320.0,-150.3528399311532,11.0,5,701,0.425,1,0,1,0,1,1,0,0,0,0,0.0
419.0,-51.3528399311532,14.0,5,701,0.24166666666666664,1,0,0,0,0,0,0,0,0,0,0.0
600.0,129.6471600688468,20.0,21,717,0.36000000000000004,1,0,1,0,0,1,0,0,0,1,0.0
512.0,41.6471600688468,25.0,5,365,0.3625,1,0,0,0,0,0,0,0,0,0,0.0
425.0,-11.086486486486478,24.0,26,294,0.0,0,0,0,0,0,0,0,0,0,0,0.0
435.0,-1.0864864864864785,12.0,26,670,0.049999999999999996,0,0,1,1,0,1,0,0,0,1,0.0
410.0,-26.08648648648648,12.0,16,712,0.0,0,0,0,0,0,0,0,0,0,1,0.0
500.0,29.6471600688468,16.0,39,290,0.17878787878787877,1,0,1,0,0,0,0,0,0,0,0.0
530.0,59.6471600688468,9.0,240,271,0.0875,1,0,1,0,0,0,0,0,0,1,0.0
350.0,-120.3528399311532,11.0,0,726,0.09090909090909091,1,0,0,0,0,0,0,0,0,0,0.0
320.0,-116.08648648648648,17.0,0,726,0.7300000000000001,0,1,0,0,0,0,0,0,0,0,0.0
400.0,-36.08648648648648,20.0,11,715,0.21428571428571427,0,0,0,0,1,1,0,0,0,0,0.0
410.0,-60.3528399311532,14.0,9,138,0.41500000000000004,1,0,0,0,1,0,0,0,0,0,0.0
540.0,103.91351351351352,27.0,56,670,0.26555555555555554,0,0,0,0,0,0,0,0,0,0,0.0
460.0,-10.352839931153198,15.0,9,717,0.18235294117647058,1,0,0,0,0,0,0,0,0,0,0.0
250.0,-220.3528399311532,14.0,56,183,0.22749999999999998,1,0,0,0,1,1,0,0,0,1,0.0
400.0,-70.3528399311532,13.0,25,701,-0.07894736842105263,1,0,1,0,0,0,0,0,0,0,0.0
420.0,-50.3528399311532,15.0,25,214,0.15454545454545454,1,0,0,0,0,1,0,0,0,0,0.0
300.0,-170.3528399311532,11.0,66,792,0.24666666666666667,1,0,1,0,0,0,0,0,0,0,0.0
595.0,124.6471600688468,40.0,25,91,0.5666666666666667,1,0,1,0,1,0,0,0,0,0,0.0
866.0,395.6471600688468,19.0,56,670,0.33529411764705885,1,0,0,0,0,0,0,0,0,0,0.0
650.0,213.91351351351352,20.0,25,701,0.11666666666666665,0,0,1,0,0,0,0,0,0,0,0.0
425.0,-45.3528399311532,20.0,4,722,0.3694444444444444,1,1,1,0,0,0,0,0,0,0,0.0
500.0,29.6471600688468,14.0,25,365,0.19444444444444445,1,0,0,0,0,0,0,0,0,1,0.0
520.0,49.6471600688468,45.0,34,692,0.1688888888888889,1,1,1,0,0,0,0,0,0,0,0.0
500.0,29.6471600688468,18.0,25,183,0.35000000000000003,1,0,1,0,0,0,0,0,0,0,0.0
350.0,-120.3528399311532,12.0,56,670,0.275,1,0,0,0,0,1,0,0,0,0,0.0
390.0,-80.3528399311532,14.0,10,716,0.425,1,0,0,0,0,1,0,0,0,0,0.0
350.0,-86.08648648648648,9.0,4,174,0.49375,0,0,1,0,0,0,0,0,0,0,0.0
580.0,109.6471600688468,27.0,56,670,0.3384615384615385,1,0,0,0,1,0,0,0,0,0,0.0
480.0,9.647160068846802,30.0,39,687,0.21538461538461537,1,0,1,0,0,0,0,0,0,0,0.0
429.0,-41.3528399311532,20.0,39,243,0.3038461538461538,1,0,0,0,0,1,0,0,0,0,0.0
300.0,-136.08648648648648,13.0,25,701,0.26805555555555555,0,0,1,0,1,1,0,0,0,0,0.0
430.0,-6.0864864864864785,21.0,25,701,0.375,0,0,1,1,0,0,0,0,0,0,0.0
400.0,-36.08648648648648,16.0,9,717,0.0,0,0,1,0,0,0,0,0,0,0,0.0
360.0,-76.08648648648648,11.0,25,701,0.21428571428571427,0,1,0,0,0,0,0,0,0,0,0.0
550.0,79.6471600688468,20.0,4,448,0.0,1,0,0,0,0,0,0,0,0,0,0.0
450.0,-20.3528399311532,20.0,15,558,0.5833333333333334,1,0,1,0,1,0,0,0,0,0,0.0
400.0,-36.08648648648648,20.0,25,701,0.25357142857142856,0,0,1,0,0,0,0,0,0,0,0.0
550.0,113.91351351351352,17.0,25,701,0.132258064516129,0,1,0,0,0,0,0,0,0,0,0.0
400.0,-70.3528399311532,22.0,5,721,0.5083333333333333,1,1,1,0,0,0,0,0,0,0,1.0
423.0,-13.086486486486478,15.0,25,92,0.1722222222222222,0,1,1,1,0,0,0,0,0,1,0.0
450.0,-20.3528399311532,17.0,9,717,0.07777777777777778,1,0,0,0,0,0,0,0,0,0,0.0
340.0,-130.3528399311532,16.0,25,701,0.352,1,0,0,0,1,0,0,0,0,0,0.0
400.0,-70.3528399311532,20.0,25,701,0.6177777777777778,1,0,0,0,0,0,0,0,0,0,0.0
660.0,223.91351351351352,25.0,87,639,0.3499999999999999,0,0,0,0,0,0,0,0,0,0,0.0
400.0,-70.3528399311532,18.0,25,701,0.7,1,1,0,0,0,0,0,0,0,0,1.0
400.0,-36.08648648648648,16.0,25,92,0.15192307692307694,0,0,0,0,1,1,0,0,0,0,0.0
425.0,-11.086486486486478,15.0,25,701,0.23666666666666664,0,0,0,0,0,0,0,0,0,1,0.0
499.0,28.6471600688468,20.0,25,701,0.41538461538461535,1,0,0,0,1,0,0,0,0,0,0.0
550.0,79.6471600688468,24.0,27,104,0.16818181818181818,1,0,1,0,0,0,0,0,0,0,0.0
345.0,-91.08648648648648,14.0,9,717,0.37142857142857144,0,0,0,0,1,0,0,0,0,0,0.0
500.0,29.6471600688468,20.0,25,91,0.4197916666666667,1,0,1,0,0,1,0,0,0,0,0.0
380.0,-56.08648648648648,20.0,90,694,0.2916666666666667,0,0,0,0,0,0,0,0,0,0,0.0
550.0,79.6471600688468,24.0,97,214,0.09999999999999999,1,0,1,0,0,0,0,0,0,0,0.0
400.0,-36.08648648648648,20.0,66,670,0.40625,0,0,1,0,1,0,0,0,0,0,0.0
450.0,13.913513513513522,25.0,63,153,0.25416666666666665,0,0,0,0,0,0,0,0,0,0,0.0
400.0,-70.3528399311532,10.0,97,701,0.3444444444444444,1,0,0,0,0,0,0,0,0,0,0.0
550.0,79.6471600688468,30.0,158,854,0.21818181818181817,1,0,0,0,0,0,0,0,0,0,0.0
400.0,-70.3528399311532,31.0,127,518,-0.0875,1,0,0,0,0,0,0,0,0,1,0.0
500.0,29.6471600688468,17.0,35,180,0.38749999999999996,1,0,1,0,0,0,0,0,0,1,0.0
510.0,39.6471600688468,22.0,66,853,0.2722222222222222,1,0,0,0,0,0,0,0,0,1,0.0
450.0,13.913513513513522,19.0,97,701,0.0,0,0,0,0,0,0,0,0,0,0,0.0
450.0,-20.3528399311532,18.0,97,701,0.6439999999999999,1,0,0,0,0,0,0,0,0,0,0.0
525.0,54.6471600688468,14.0,47,651,0.2921052631578947,1,0,0,0,0,0,0,0,0,1,0.0
330.0,-106.08648648648648,19.0,97,701,0.35583333333333333,0,0,0,0,1,0,0,0,0,1,0.0
390.0,-80.3528399311532,12.0,113,717,0.3303174603174603,1,0,0,0,0,1,0,0,0,1,0.0
550.0,79.6471600688468,18.0,77,253,0.43571428571428567,1,0,0,0,1,0,0,1,0,0,0.0
880.0,443.9135135135135,20.0,113,717,0.2573076923076923,0,0,0,0,0,0,0,0,0,0,0.0
520.0,49.6471600688468,16.0,88,418,0.40151515151515144,1,0,0,0,1,1,0,0,0,0,0.0
330.0,-106.08648648648648,17.0,97,701,0.5666666666666667,0,0,0,0,0,1,0,0,0,0,0.0
430.0,-6.0864864864864785,20.0,113,320,0.44333333333333336,0,0,0,0,0,0,0,0,0,0,0.0
410.0,-26.08648648648648,25.0,97,701,0.017948717948717947,0,0,0,0,0,0,0,0,0,0,0.0
540.0,69.6471600688468,23.0,113,717,0.12727272727272726,1,0,1,0,0,0,0,0,0,0,0.0
450.0,13.913513513513522,16.0,35,639,0.09473684210526315,0,0,1,0,0,1,0,0,0,0,0.0
650.0,213.91351351351352,20.0,97,701,0.11666666666666665,0,0,1,0,0,0,0,0,0,0,0.0
496.0,25.6471600688468,11.0,88,692,0.2333333333333333,1,0,1,0,0,1,0,0,0,0,0.0
390.0,-80.3528399311532,13.0,5,181,0.2920289855072464,1,0,1,0,1,0,0,0,0,0,0.0
400.0,-70.3528399311532,18.0,87,180,0.2920289855072464,1,0,1,0,1,0,0,0,0,0,0.0
430.0,-40.3528399311532,23.0,113,350,0.28500000000000003,1,0,1,1,1,0,0,0,0,0,0.0
664.0,193.6471600688468,14.0,97,701,0.0,1,0,0,0,0,0,0,0,0,0,0.0
390.0,-80.3528399311532,11.0,113,717,-0.7,1,0,0,0,0,0,0,0,0,1,0.0
315.0,-121.08648648648648,12.0,97,701,0.7999999999999999,0,0,1,0,0,0,0,0,0,0,0.0
475.0,4.6471600688468016,17.0,109,713,0.6,1,0,1,0,0,1,0,0,0,0,0.0
500.0,29.6471600688468,14.0,66,670,0.5599999999999999,1,0,1,1,0,0,0,0,0,0,0.0
580.0,143.91351351351352,35.0,97,701,0.10499999999999998,0,0,1,0,0,1,0,0,0,0,0.0
420.0,-16.08648648648648,17.0,35,639,0.175,0,0,0,0,0,0,0,0,0,0,0.0
290.0,-146.08648648648648,15.0,97,701,0.5562499999999999,0,0,1,1,0,0,0,0,0,0,0.0
600.0,129.6471600688468,20.0,66,670,0.3,1,0,1,0,0,0,0,0,0,0,0.0
405.0,-65.3528399311532,18.0,97,701,0.0,1,0,0,0,0,0,0,0,0,0,0.0
380.0,-90.3528399311532,12.0,97,701,0.4666666666666666,1,0,1,0,0,0,0,0,0,0,0.0
450.0,13.913513513513522,21.0,97,701,0.3499999999999999,0,0,1,1,0,0,0,0,0,0,0.0
450.0,-20.3528399311532,12.0,97,701,0.2125,1,0,1,0,0,0,0,0,0,1,0.0
390.0,-46.08648648648648,20.0,97,701,0.35000000000000003,0,0,0,0,1,0,0,0,0,0,0.0
500.0,29.6471600688468,27.0,97,701,0.46875,1,0,0,0,1,1,0,0,0,1,0.0
450.0,-20.3528399311532,26.0,93,697,0.0,1,0,0,0,0,0,0,0,0,0,0.0
380.0,-56.08648648648648,20.0,116,720,0.5,0,0,0,0,0,0,0,0,0,0,0.0
260.0,-210.3528399311532,22.0,111,715,0.4666666666666666,1,0,0,0,0,0,0,0,0,0,0.0
440.0,-30.3528399311532,16.0,97,701,0.22407407407407406,1,0,0,0,0,0,0,0,0,0,0.0
449.0,12.913513513513522,31.0,35,639,0.31349206349206354,0,0,1,0,1,1,0,0,0,0,0.0
480.0,9.647160068846802,25.0,97,701,0.1871212121212121,1,0,1,1,1,1,0,0,0,0,0.0
450.0,-20.3528399311532,12.0,117,111,0.3,1,0,0,0,1,0,0,0,0,0,0.0
420.0,-50.3528399311532,14.0,88,692,0.0,1,0,0,0,0,0,0,0,0,0,0.0
415.0,-21.08648648648648,17.0,97,701,0.1576923076923077,0,0,1,0,0,0,0,0,0,0,0.0
500.0,29.6471600688468,20.0,73,677,0.2750915750915751,1,0,1,0,0,0,0,0,0,0,0.0
550.0,79.6471600688468,20.0,97,701,-0.010000000000000002,1,0,0,0,0,0,1,1,0,0,0.0
500.0,63.91351351351352,27.0,97,701,0.49749999999999994,0,0,1,1,0,0,0,0,0,1,0.0
386.0,-84.3528399311532,17.0,97,304,0.2625,1,0,0,0,0,0,0,0,0,0,0.0
650.0,179.6471600688468,22.0,97,701,0.21166666666666664,1,0,1,0,0,0,0,0,0,0,0.0
470.0,33.91351351351352,14.0,35,365,0.23846153846153845,0,0,0,0,0,0,0,0,0,0,0.0
400.0,-70.3528399311532,12.0,97,701,0.6166666666666667,1,0,1,0,1,0,0,0,0,0,0.0
300.0,-170.3528399311532,18.0,35,152,0.13999999999999999,1,0,0,0,0,0,0,0,0,0,0.0
450.0,-20.3528399311532,18.0,5,106,0.4800000000000001,1,0,0,0,0,0,0,0,0,0,0.0
295.0,-175.3528399311532,27.0,111,715,0.1246153846153846,1,0,1,0,0,1,0,0,0,0,0.0
550.0,113.91351351351352,20.0,127,731,0.0,0,0,0,0,0,0,0,0,0,0,0.0
850.0,379.6471600688468,30.0,108,712,0.14285714285714285,1,0,0,0,0,0,0,0,0,0,0.0
450.0,-20.3528399311532,14.0,79,256,0.4714285714285715,1,0,1,0,0,1,0,0,0,0,0.0
450.0,13.913513513513522,24.0,78,164,0.7,0,0,0,0,0,0,0,0,0,1,0.0
450.0,13.913513513513522,18.0,66,670,0.3530769230769231,0,0,1,1,0,1,0,0,0,0,0.0
435.0,-35.3528399311532,15.0,113,717,0.24545454545454548,1,0,0,0,0,0,0,0,0,0,0.0
390.0,-80.3528399311532,20.0,103,221,0.0,1,0,0,0,0,0,0,0,0,0,0.0
320.0,-150.3528399311532,15.0,97,701,0.6071428571428571,1,0,0,0,0,0,0,0,0,0,0.0
400.0,-70.3528399311532,15.0,97,701,0.255072463768116,1,0,0,0,0,1,0,0,0,0,0.0
490.0,53.91351351351352,20.0,146,311,0.635,0,0,1,0,0,0,0,0,0,0,0.0
799.0,328.6471600688468,17.0,238,304,0.0,1,0,0,0,0,0,0,0,0,0,0.0
699.0,228.6471600688468,13.0,35,425,0.0,1,0,0,0,0,0,0,0,0,0,0.0
799.0,328.6471600688468,17.0,35,364,0.0,1,0,0,0,0,0,0,0,0,0,0.0
462.0,25.91351351351352,20.0,97,701,0.25,0,0,0,0,0,1,0,0,0,0,0.0
460.0,-10.352839931153198,14.0,108,712,0.0,1,0,0,0,0,0,0,0,0,0,0.0
420.0,-50.3528399311532,20.0,117,235,0.22291666666666668,1,0,1,0,0,0,0,0,0,0,0.0
400.0,-36.08648648648648,20.0,66,184,0.3328703703703704,0,0,0,0,0,1,0,0,0,0,0.0
590.0,153.91351351351352,22.0,112,562,0.178125,0,0,0,0,1,0,0,0,0,0,0.0
369.0,-67.08648648648648,18.0,97,701,0.2583333333333333,0,0,0,0,0,0,0,0,0,0,0.0
590.0,119.6471600688468,20.0,5,182,0.6166666666666667,1,0,1,0,0,0,0,0,0,0,0.0
590.0,153.91351351351352,20.0,97,213,0.15454545454545454,0,0,0,0,1,0,0,0,0,0,0.0
390.0,-46.08648648648648,12.0,97,701,0.26222222222222225,0,0,1,0,1,0,0,0,0,0,0.0
400.0,-36.08648648648648,23.0,97,701,0.14166666666666666,0,0,0,0,0,0,0,0,0,0,0.0
350.0,-86.08648648648648,16.0,108,712,0.35,0,0,0,0,0,0,0,0,0,1,0.0
470.0,-0.35283993115319845,15.0,97,701,0.2722222222222222,1,0,0,0,0,0,0,0,0,0,0.0
460.0,23.91351351351352,24.0,97,701,0.255,0,0,0,0,0,1,0,0,0,1,0.0
320.0,-150.3528399311532,18.0,83,351,0.40499999999999997,1,0,0,0,0,1,0,0,0,0,0.0
500.0,29.6471600688468,20.0,66,198,0.5020833333333332,1,0,1,0,0,0,0,0,0,1,0.0
595.0,158.91351351351352,18.0,127,731,0.7527777777777778,0,0,1,1,0,0,0,0,0,0,0.0
450.0,-20.3528399311532,18.0,66,670,0.3333333333333333,1,0,0,0,0,0,0,0,0,0,0.0
420.0,-50.3528399311532,11.0,118,722,0.3153846153846154,1,0,0,0,1,0,0,0,0,0,0.0
400.0,-36.08648648648648,20.0,110,105,0.21428571428571427,0,0,0,0,1,1,0,0,0,0,0.0
580.0,109.6471600688468,16.0,83,687,0.15295454545454545,1,0,1,1,0,0,0,0,0,1,0.0
420.0,-16.08648648648648,18.0,97,304,0.75,0,0,0,0,0,0,0,0,0,1,0.0
500.0,29.6471600688468,16.0,97,701,0.19999999999999998,1,0,1,0,1,1,0,0,0,1,0.0
450.0,-20.3528399311532,21.0,113,200,0.36590909090909096,1,0,1,0,0,0,0,0,0,0,0.0
420.0,-50.3528399311532,24.0,97,364,0.341,1,0,1,0,1,0,0,0,0,0,0.0
550.0,79.6471600688468,30.0,35,639,-0.010000000000000002,1,0,0,0,0,0,1,1,0,0,0.0
480.0,9.647160068846802,25.0,5,150,0.39999999999999997,1,0,1,0,0,0,0,0,0,0,0.0
490.0,53.91351351351352,20.0,35,302,0.27395833333333336,0,0,1,1,0,0,0,0,0,1,0.0
313.0,-123.08648648648648,25.0,97,701,0.33249999999999996,0,0,1,1,0,0,0,0,0,1,0.0
422.0,-14.086486486486478,12.0,75,679,0.4625,0,0,0,0,0,0,0,0,0,1,0.0
330.0,-140.3528399311532,15.0,255,349,0.39285714285714285,1,0,0,0,0,0,0,0,0,0,0.0
550.0,79.6471600688468,22.0,35,639,0.034374999999999996,1,0,0,0,0,0,1,1,0,0,0.0
450.0,13.913513513513522,25.0,67,701,0.7,0,0,0,0,0,0,0,0,0,0,0.0
400.0,-70.3528399311532,20.0,67,396,0.425,1,0,1,1,0,0,0,0,0,0,0.0
300.0,-170.3528399311532,15.0,83,717,0.39999999999999997,1,0,0,0,0,0,0,0,0,0,0.0
420.0,-16.08648648648648,20.0,72,706,0.23333333333333328,0,0,1,0,0,0,0,0,0,0,0.0
295.0,-175.3528399311532,12.0,77,711,0.13999999999999999,1,0,0,0,0,1,0,0,0,1,0.0
420.0,-16.08648648648648,19.0,63,697,0.15882352941176472,0,0,0,0,0,0,0,0,0,1,0.0
365.0,-105.3528399311532,17.0,86,720,0.2333333333333333,1,0,1,0,0,0,0,0,0,0,0.0
400.0,-36.08648648648648,13.0,36,670,0.325,0,0,0,0,0,0,0,0,0,0,0.0
420.0,-50.3528399311532,11.0,89,723,0.2823529411764706,1,0,0,0,1,0,0,0,0,0,0.0
320.0,-116.08648648648648,23.0,67,701,0.3388888888888889,0,0,0,0,0,0,0,0,0,1,0.0
390.0,-46.08648648648648,14.0,83,717,0.37083333333333335,0,0,0,0,0,0,0,0,0,0,0.0
275.0,-195.3528399311532,20.0,83,717,0.27749999999999997,1,0,0,0,0,0,0,0,0,0,0.0
357.0,-113.3528399311532,26.0,97,701,0.7033333333333334,1,0,0,0,1,0,0,0,0,0,0.0
420.0,-16.08648648648648,20.0,14,701,0.2,0,0,0,0,0,0,0,0,0,0,0.0
380.0,-90.3528399311532,18.0,45,670,0.6199999999999999,1,0,0,0,0,0,0,0,0,0,0.0
350.0,-86.08648648648648,20.0,14,396,0.09999999999999999,0,0,0,0,0,0,0,0,0,0,0.0
410.0,-26.08648648648648,10.0,15,701,0.3058823529411765,0,0,0,0,0,0,0,0,0,1,0.0
250.0,-220.3528399311532,20.0,76,639,0.18647058823529414,1,0,0,0,1,1,0,0,0,0,0.0
360.0,-110.3528399311532,20.0,14,701,0.3,1,1,0,0,0,0,0,0,0,0,0.0
420.0,-50.3528399311532,11.0,15,426,0.2529411764705882,1,0,0,0,0,0,0,0,0,0,0.0
454.0,-16.3528399311532,20.0,2,714,0.3,1,0,0,0,0,0,0,0,0,0,0.0
400.0,-70.3528399311532,25.0,15,701,0.5857142857142856,1,1,0,0,0,0,0,0,0,0,0.0
470.0,-0.35283993115319845,29.0,46,365,0.6101851851851852,1,1,0,0,0,1,0,0,0,1,0.0
360.0,-76.08648648648648,12.0,20,695,0.13055555555555556,0,0,1,0,0,0,0,0,0,1,0.0
450.0,-20.3528399311532,22.0,45,670,-0.04,1,0,0,0,0,0,0,0,0,1,0.0
390.0,-80.3528399311532,11.0,14,701,0.0,1,0,0,0,0,1,0,0,0,0,0.0
450.0,13.913513513513522,10.0,1,714,0.07647058823529412,0,0,1,0,1,1,0,0,0,0,0.0
350.0,-120.3528399311532,12.0,15,701,0.4583333333333333,1,0,0,0,0,1,0,0,0,0,0.0
370.0,-100.3528399311532,20.0,19,697,0.5392857142857143,1,1,0,0,0,1,0,0,0,0,1.0
365.0,-105.3528399311532,20.0,15,701,0.2433333333333333,1,0,0,0,0,1,0,0,0,0,0.0
315.0,-155.3528399311532,10.0,45,365,0.6649999999999999,1,0,0,0,0,0,0,0,0,1,0.0
395.0,-75.3528399311532,21.0,15,701,0.4371794871794872,1,1,1,0,1,0,0,0,0,0,0.0
315.0,-121.08648648648648,9.0,15,701,0.3090909090909091,0,1,1,1,0,0,0,0,0,0,0.0
435.0,-35.3528399311532,20.0,15,701,0.625,1,1,1,0,0,1,0,0,0,0,0.0
450.0,-20.3528399311532,20.0,15,701,0.59,1,1,1,1,0,0,0,0,0,0,0.0
420.0,-50.3528399311532,12.0,15,701,0.21250000000000002,1,1,1,1,0,0,0,0,0,0,0.0
375.0,-95.3528399311532,14.0,5,924,0.5666666666666668,1,0,1,0,0,0,0,0,0,0,0.0
475.0,4.6471600688468016,23.0,46,425,0.6677083333333332,1,0,0,0,0,0,0,0,0,1,0.0
337.0,-99.08648648648648,20.0,47,669,0.0,0,0,0,0,0,0,0,0,0,1,0.0
410.0,-60.3528399311532,17.0,84,308,0.5592592592592591,1,0,0,0,0,0,0,0,0,1,0.0
340.0,-96.08648648648648,20.0,14,701,0.2125,0,0,0,0,1,0,0,0,0,0,0.0
450.0,-20.3528399311532,12.0,66,152,0.41999999999999993,1,0,0,0,0,1,0,1,0,0,0.0
800.0,329.6471600688468,30.0,117,293,0.23333333333333334,1,0,1,0,0,0,0,0,0,1,0.0
500.0,29.6471600688468,24.0,3,284,0.4666666666666666,1,0,0,0,0,0,0,0,0,0,0.0
480.0,9.647160068846802,20.0,29,840,0.25,1,0,1,0,0,0,0,0,0,0,0.0
260.0,-210.3528399311532,22.0,0,715,0.5,1,0,0,0,0,0,0,0,0,0,0.0
380.0,-90.3528399311532,16.0,3,717,0.4416666666666666,1,0,0,0,0,0,0,0,0,0,0.0
330.0,-106.08648648648648,15.0,8,701,0.06666666666666667,0,0,0,0,0,0,0,0,0,0,0.0
390.0,-46.08648648648648,17.0,70,365,0.20249999999999999,0,1,1,1,1,0,0,0,0,0,0.0
400.0,-36.08648648648648,20.0,70,364,0.2571428571428571,0,0,0,0,0,0,0,0,0,0,0.0
400.0,-70.3528399311532,15.0,39,670,0.12999999999999998,1,0,0,0,1,0,0,0,0,1,0.0
365.0,-71.08648648648648,17.0,22,687,0.6125,0,0,0,0,0,0,0,0,0,0,0.0
370.0,-100.3528399311532,17.0,43,670,0.4509090909090908,1,0,0,0,0,0,0,0,0,0,0.0
480.0,43.91351351351352,23.0,43,670,0.13999999999999999,0,0,0,0,0,0,0,0,0,0,0.0
600.0,129.6471600688468,27.0,12,701,0.3611111111111111,1,0,1,0,0,0,0,0,0,0,0.0
260.0,-176.08648648648648,14.0,43,670,0.16818181818181818,0,0,0,0,1,1,0,0,0,1,0.0
450.0,13.913513513513522,18.0,12,701,0.53125,0,1,1,0,0,1,0,0,0,0,0.0
350.0,-120.3528399311532,16.0,2,711,0.3444444444444444,1,0,1,0,0,1,0,0,0,0,0.0
420.0,-50.3528399311532,21.0,6,707,0.18333333333333332,1,0,1,0,1,0,0,0,0,0,0.0
400.0,-70.3528399311532,15.0,8,395,0.25,1,0,0,0,0,0,0,0,0,0,0.0
410.0,-60.3528399311532,17.0,53,656,0.2777777777777778,1,0,1,0,0,0,0,0,0,0,0.0
450.0,-20.3528399311532,20.0,8,701,0.33999999999999997,1,0,0,0,0,0,0,0,0,1,0.0
400.0,-70.3528399311532,16.0,13,701,0.0,1,0,0,0,0,0,0,0,0,0,0.0
409.0,-61.3528399311532,14.0,409,518,0.15416666666666667,1,0,1,0,0,1,0,0,0,0,0.0
450.0,13.913513513513522,18.0,12,701,0.15454545454545454,0,1,1,0,0,1,0,0,0,0,0.0
246.0,-190.08648648648648,16.0,12,701,0.2818181818181818,0,0,0,0,0,0,0,0,0,0,0.0
380.0,-56.08648648648648,14.0,13,701,0.3111111111111111,0,0,1,1,1,1,0,0,0,0,0.0
460.0,-10.352839931153198,16.0,13,701,0.3576923076923077,1,1,0,0,1,0,0,0,0,0,0.0
455.0,-15.352839931153198,17.0,44,670,0.20476190476190476,1,0,0,0,1,1,0,0,0,1,0.0
400.0,-36.08648648648648,13.0,6,719,0.0,0,1,0,0,0,0,0,0,0,0,0.0
400.0,-36.08648648648648,24.0,104,181,0.47631578947368414,0,0,1,0,0,0,0,0,0,1,0.0
395.0,-41.08648648648648,22.0,75,639,0.20294117647058824,0,0,0,0,1,0,0,0,0,0,0.0
465.0,-5.3528399311531984,20.0,12,701,0.0,1,0,0,0,0,0,0,0,0,0,0.0
381.0,-89.3528399311532,17.0,12,364,0.1846153846153846,1,0,0,0,0,0,1,0,0,0,0.0
460.0,-10.352839931153198,30.0,11,701,0.3203703703703704,1,0,1,0,0,0,0,0,0,1,0.0
437.0,0.9135135135135215,15.0,11,701,0.4166666666666667,0,1,0,0,0,0,0,0,0,0,0.0
430.0,-6.0864864864864785,22.0,14,365,0.26666666666666666,0,1,0,0,0,1,0,0,0,0,0.0
400.0,-36.08648648648648,18.0,25,687,0.1803921568627451,0,0,0,0,1,0,0,0,0,0,0.0
450.0,-20.3528399311532,20.0,10,702,0.9500000000000001,1,0,0,0,1,0,0,0,0,0,0.0
350.0,-86.08648648648648,12.0,16,665,0.29558823529411765,0,0,0,0,1,0,0,0,0,1,0.0
480.0,9.647160068846802,13.0,20,692,0.5383597883597884,1,0,0,0,0,0,0,0,0,0,0.0
470.0,-0.35283993115319845,19.0,41,670,0.6799999999999999,1,1,0,0,0,0,0,0,0,0,0.0
320.0,-150.3528399311532,20.0,37,674,0.7,1,0,0,0,0,0,0,0,0,0,0.0
350.0,-120.3528399311532,16.0,41,670,0.29736842105263156,1,0,0,0,0,1,0,0,0,0,0.0
500.0,29.6471600688468,20.0,41,670,0.24840425531914886,1,0,1,1,1,0,0,0,0,0,0.0
340.0,-96.08648648648648,18.0,17,694,0.37962962962962954,0,1,0,0,0,0,0,0,0,0,0.0
450.0,-20.3528399311532,16.0,15,365,0.175,1,1,0,0,0,0,0,0,0,0,0.0
350.0,-120.3528399311532,16.0,25,687,0.5187499999999999,1,1,1,1,0,1,0,0,0,1,0.0
515.0,44.6471600688468,13.0,42,670,0.2071428571428571,1,0,1,1,0,0,0,0,0,0,0.0
380.0,-90.3528399311532,12.0,11,335,0.5416666666666666,1,0,0,0,0,0,0,0,0,0,0.0
400.0,-36.08648648648648,16.0,42,670,0.13124999999999998,0,0,1,0,0,0,0,0,0,0,0.0
473.0,36.91351351351352,21.0,11,701,0.033333333333333326,0,0,0,0,0,1,0,0,0,0,0.0
586.0,149.91351351351352,30.0,87,273,0.06153846153846153,0,1,1,0,0,1,0,0,0,1,0.0
340.0,-130.3528399311532,15.0,57,319,0.5857142857142856,1,0,0,0,0,1,0,0,0,1,0.0
480.0,9.647160068846802,15.0,25,687,0.2733333333333333,1,1,0,0,1,0,0,0,0,0,0.0
450.0,-20.3528399311532,15.0,41,670,0.07142857142857142,1,0,0,0,0,0,0,0,0,0,0.0
400.0,-36.08648648648648,15.0,41,670,0.7,0,0,0,0,0,0,0,0,0,0,0.0
475.0,4.6471600688468016,23.0,8,731,0.0,1,0,0,0,0,0,0,0,0,0,0.0
320.0,-150.3528399311532,16.0,100,609,0.4366666666666667,1,1,0,0,0,0,0,0,0,1,0.0
400.0,-70.3528399311532,17.0,39,670,0.2096969696969697,1,1,1,0,0,0,0,0,0,0,0.0
435.0,-35.3528399311532,22.0,11,365,0.5428571428571428,1,0,1,0,0,0,0,0,0,0,0.0
350.0,-86.08648648648648,17.0,1,711,0.675,0,1,0,0,0,0,0,0,0,0,0.0
460.0,-10.352839931153198,20.0,41,670,0.4625,1,0,0,0,1,0,0,0,0,0,0.0
450.0,-20.3528399311532,24.0,10,701,0.5722222222222222,1,0,0,0,0,0,0,0,0,1,0.0
330.0,-140.3528399311532,16.0,41,670,0.4583333333333333,1,1,1,0,0,1,0,0,0,0,0.0
410.0,-26.08648648648648,12.0,42,670,0.3,0,1,0,0,0,0,0,0,0,0,0.0
390.0,-80.3528399311532,10.0,11,701,-0.011666666666666665,1,0,0,0,0,0,0,0,0,0,0.0
490.0,19.6471600688468,18.0,49,357,0.31029411764705883,1,0,1,0,1,1,0,0,0,0,0.0
450.0,-20.3528399311532,28.0,11,563,0.5291666666666667,1,0,0,0,0,0,0,0,0,0,0.0
500.0,29.6471600688468,25.0,24,351,0.17187499999999997,1,0,0,0,0,0,0,0,0,0,0.0
405.0,-31.08648648648648,17.0,72,639,0.5416666666666666,0,0,1,0,1,0,0,0,0,1,0.0
400.0,-36.08648648648648,13.0,61,651,0.35833333333333334,0,1,0,0,1,0,0,0,0,1,0.0
340.0,-96.08648648648648,12.0,69,639,1.0,0,1,1,1,0,0,0,0,0,0,0.0
450.0,13.913513513513522,18.0,7,701,-0.049999999999999996,0,0,0,0,0,0,0,0,0,0,0.0
410.0,-60.3528399311532,19.0,7,701,0.41,1,0,0,0,0,0,0,0,0,0,0.0
460.0,-10.352839931153198,18.0,69,639,0.19285714285714287,1,0,1,0,1,0,0,0,0,0,0.0
330.0,-106.08648648648648,20.0,39,670,0.3030864197530864,0,0,0,0,1,1,0,0,0,1,0.0
450.0,-20.3528399311532,20.0,4,704,0.13999999999999999,1,0,0,0,0,1,0,0,0,0,0.0
480.0,43.91351351351352,22.0,11,697,0.4428571428571428,0,0,1,0,0,0,0,0,0,0,0.0
350.0,-86.08648648648648,15.0,27,316,0.13999999999999999,0,0,0,0,0,0,0,0,0,1,0.0
430.0,-6.0864864864864785,21.0,8,701,0.5590909090909091,0,0,0,0,0,0,0,0,0,1,0.0
485.0,14.647160068846802,25.0,8,701,0.2630952380952381,1,0,0,0,0,0,0,0,0,1,0.0
415.0,-55.3528399311532,15.0,8,701,0.26904761904761904,1,0,0,0,0,0,0,0,0,1,0.0
290.0,-146.08648648648648,15.0,43,670,0.3666666666666667,0,1,0,0,0,0,0,0,0,0,0.0
400.0,-36.08648648648648,16.0,12,701,0.35000000000000003,0,0,1,1,0,0,0,0,0,0,0.0
406.0,-30.08648648648648,17.0,12,701,0.4666666666666666,0,1,0,0,0,0,0,0,0,0,0.0
420.0,-50.3528399311532,16.0,39,670,0.85,1,0,1,0,0,0,0,0,0,1,0.0
400.0,-36.08648648648648,16.0,8,701,0.0,0,0,0,0,0,0,0,0,0,1,0.0
380.0,-56.08648648648648,18.0,70,182,0.6380952380952382,0,0,1,0,0,0,0,0,0,0,0.0
308.0,-128.08648648648648,18.0,23,687,0.16666666666666666,0,1,0,0,0,0,0,0,0,0,0.0
290.0,-180.3528399311532,15.0,9,701,0.06999999999999999,1,1,1,0,0,0,0,0,0,0,0.0
380.0,-90.3528399311532,16.0,39,670,0.5527777777777777,1,0,0,0,0,0,0,0,0,1,0.0
400.0,-70.3528399311532,20.0,39,670,0.561111111111111,1,0,1,0,1,0,0,0,0,0,0.0
390.0,-80.3528399311532,20.0,70,639,0.32142857142857145,1,1,0,0,1,0,0,0,0,0,0.0
350.0,-120.3528399311532,20.0,11,698,0.24285714285714285,1,1,0,0,0,0,0,0,0,0,0.0
450.0,-20.3528399311532,30.0,9,425,0.16999999999999998,1,0,0,0,0,0,0,0,0,0,0.0
450.0,13.913513513513522,20.0,100,609,0.37916666666666665,0,0,0,0,0,0,0,0,0,1,0.0
510.0,39.6471600688468,16.0,39,670,0.175,1,0,1,0,0,0,0,0,0,0,0.0
260.0,-176.08648648648648,18.0,7,701,0.2833333333333333,0,1,1,1,0,1,0,0,0,0,0.0
370.0,-100.3528399311532,22.0,7,243,0.09999999999999999,1,0,0,0,0,0,0,0,0,1,0.0
380.0,-90.3528399311532,24.0,38,670,0.3966666666666666,1,1,1,0,0,0,0,0,0,1,0.0
495.0,58.91351351351352,18.0,67,701,0.5,0,0,0,0,1,0,0,0,0,1,0.0
465.0,28.91351351351352,21.0,11,701,0.3346153846153846,0,0,1,0,0,0,0,0,0,0,0.0
515.0,44.6471600688468,24.0,11,701,0.19285714285714287,1,0,1,0,1,0,0,0,0,0,0.0
620.0,183.91351351351352,12.0,9,699,0.585,0,0,1,0,0,0,0,0,0,0,0.0
350.0,-120.3528399311532,20.0,32,670,0.8,1,1,1,1,1,0,0,0,0,0,0.0
320.0,-150.3528399311532,12.0,32,670,0.26944444444444443,1,0,0,0,0,1,0,0,0,1,0.0
350.0,-120.3528399311532,15.0,63,639,0.12727272727272726,1,0,0,0,0,0,0,0,0,1,0.0
400.0,-70.3528399311532,18.0,1,701,0.0,1,1,1,0,0,1,0,0,0,0,1.0
461.0,24.91351351351352,17.0,5,701,0.3807692307692307,0,1,0,0,0,0,0,0,0,0,0.0
350.0,-86.08648648648648,10.0,36,670,0.33625000000000005,0,0,0,0,0,1,0,0,0,0,0.0
490.0,53.91351351351352,19.0,5,701,0.3411764705882353,0,1,1,0,0,0,0,0,0,1,0.0
465.0,-5.3528399311531984,21.0,36,670,0.1388888888888889,1,0,0,0,0,0,0,0,0,0,0.0
596.0,125.6471600688468,12.0,67,639,0.29393939393939394,1,0,1,0,0,0,0,0,0,0,0.0
462.0,-8.352839931153198,12.0,36,670,0.29583333333333334,1,0,0,0,0,0,0,0,0,0,0.0
490.0,19.6471600688468,23.0,24,682,0.3333333333333333,1,0,1,0,0,1,0,0,0,1,0.0
420.0,-50.3528399311532,24.0,5,701,0.88,1,0,1,0,0,0,0,0,0,0,0.0
380.0,-90.3528399311532,23.0,22,680,0.3166666666666667,1,0,1,1,1,0,0,0,0,0,0.0
400.0,-70.3528399311532,20.0,1,92,0.12631578947368421,1,0,1,0,0,0,0,0,0,0,0.0
350.0,-120.3528399311532,10.0,32,670,0.6199999999999999,1,0,1,0,0,1,0,0,0,0,0.0
420.0,-16.08648648648648,11.0,1,701,0.22666666666666666,0,0,0,0,1,0,0,0,0,0,0.0
350.0,-86.08648648648648,20.0,63,212,0.37800000000000006,0,1,1,0,0,1,0,0,0,1,0.0
425.0,-11.086486486486478,15.0,32,670,0.38,0,0,0,0,0,1,0,0,1,1,0.0
340.0,-130.3528399311532,10.0,0,702,0.0,1,0,1,0,1,1,0,0,0,0,0.0
568.0,97.6471600688468,24.0,1,701,0.3,1,0,1,0,0,1,0,0,0,0,0.0
460.0,-10.352839931153198,18.0,3,699,0.3576923076923077,1,1,0,0,1,0,0,0,0,0,0.0
550.0,79.6471600688468,20.0,17,685,0.0875,1,0,0,0,0,0,0,0,0,0,0.0
390.0,-80.3528399311532,12.0,32,670,0.30833333333333335,1,0,0,0,0,1,0,0,0,0,0.0
600.0,129.6471600688468,20.0,15,687,0.18214285714285713,1,0,0,0,0,0,0,0,0,1,0.0
380.0,-90.3528399311532,13.0,35,164,0.40138888888888885,1,0,0,0,0,0,0,0,0,0,0.0
520.0,49.6471600688468,16.0,32,153,0.12463768115942027,1,0,0,0,1,0,0,0,0,0,0.0
330.0,-140.3528399311532,14.0,32,670,0.28500000000000003,1,0,0,0,1,0,0,0,0,0,0.0
450.0,-20.3528399311532,19.0,1,548,0.2857142857142857,1,0,0,0,0,1,0,0,0,0,0.0
500.0,63.91351351351352,18.0,0,702,0.34285714285714286,0,0,1,0,0,0,0,0,0,0,0.0
400.0,-70.3528399311532,25.0,32,670,0.24285714285714285,1,0,0,0,0,1,0,0,0,0,0.0
